
===== mpv launch 2026-03-14 22:08:45 =====
station_id=difm:detroithousentechno
stream_url=http://prem4.di.fm:80/detroithousentechno_hi?listen_key=ca64cdc02f76c2c2
command=mpv --no-video --force-window=no --msg-level=all=v --audio-device=auto --cache-secs=8.0 --idle=yes --no-video --force-window=no --volume=100 http://prem4.di.fm:80/detroithousentechno_hi?listen_key=ca64cdc02f76c2c2
[cplayer] Command line options: '--no-video' '--force-window=no' '--msg-level=all=v' '--audio-device=auto' '--cache-secs=8.0' '--idle=yes' '--no-video' '--force-window=no' '--volume=100' 'http://prem4.di.fm:80/detroithousentechno_hi?listen_key=ca64cdc02f76c2c2'
[cplayer] mpv v0.40.0 Copyright © 2000-2025 mpv/MPlayer/mplayer2 projects
[cplayer] libplacebo version: v7.349.0
[cplayer] FFmpeg version: 7.1.2-0+deb13u1 (runtime 7.1.3-0+deb13u1+rpt1)
[cplayer] FFmpeg library versions:
[cplayer]    libavcodec      61.19.101
[cplayer]    libavdevice     61.3.100
[cplayer]    libavfilter     10.4.100
[cplayer]    libavformat     61.7.100
[cplayer]    libavutil       59.39.100
[cplayer]    libswresample   5.3.100
[cplayer]    libswscale      8.3.100
[cplayer] Configuration: -Dpython.bytecompile=-1 -Dlibmpv=true -Dbuild-date=false -Dcdda=enabled -Ddvdnav=enabled -Dsdl2=enabled -Ddvbin=enabled -Dprefix=/usr -Dlibdir=lib/aarch64-linux-gnu -Dlocalstatedir=/var -Dsysconfdir=/etc -Dbuildtype=plain -Dwrap_mode=nodownload
[cplayer] List of enabled features: alsa caca cdda cplugins cuda-hwaccel cuda-interop dmabuf-interop-gl dmabuf-wayland drm dvbin dvdnav egl egl-drm egl-wayland egl-x11 ffmpeg ffnvcodec gbm gl glibc-thread-name glob glob-posix gpl iconv jack javascript jpeg lcms2 libarchive libass libavdevice libbluray libdl libplacebo linux-fstatfs lua52 memfd-create memrchr pipewire posix posix-shm ppoll pthread-condattr-setclock pulse rubberband rubberband-3 sdl2 sdl2-audio sdl2-gamepad sdl2-video sixel sndio sndio-1-9 uchardet vaapi vaapi-drm vaapi-wayland vaapi-x11 vdpau vector vk-khr-display vt.h vulkan wayland wayland-protocols-1-32 wayland-protocols-1-38 wayland-protocols-1-39 wayland-protocols-1-41 x11 xv zimg zimg-st428 zlib
[cplayer] Reading config file /etc/mpv/encoding-profiles.conf
[ifo_dvdnav] Opening /etc/mpv/encoding-profiles.conf
[bdmv/bluray] Opening /etc/mpv/encoding-profiles.conf
[file] Opening /etc/mpv/encoding-profiles.conf
[cplayer] Applying profile 'default'...
[cplayer] Setting option 'video' = 'no' (flags = 8)
[cplayer] Setting option 'force-window' = 'no' (flags = 8)
[cplayer] Setting option 'msg-level' = 'all=v' (flags = 8)
[cplayer] Setting option 'audio-device' = 'auto' (flags = 8)
[cplayer] Setting option 'cache-secs' = '8.0' (flags = 8)
[cplayer] Setting option 'idle' = 'yes' (flags = 8)
[cplayer] Setting option 'video' = 'no' (flags = 8)
[cplayer] Setting option 'force-window' = 'no' (flags = 8)
[cplayer] Setting option 'volume' = '100' (flags = 8)
[clipboard] Initialized vo clipboard backend.
[cplayer] Waiting for scripts...
[cplayer] Set property: user-data/osc/visibility="auto" -> 1
[cplayer] Set property: user-data/osc/margins={"r":0,"b":0,"l":0,"t":0} -> 1
[cplayer] Done loading scripts.
[cplayer] Running hook: auto_profiles/on_before_start_file
[cplayer] Failed sending hook command auto_profiles/on_before_start_file. Removing hook.
[cplayer] Running hook: auto_profiles/on_load
[cplayer] Failed sending hook command auto_profiles/on_load. Removing hook.
[cplayer] Running hook: ytdl_hook/on_load
[cplayer] Running hook: ytdl_hook/on_load
[ytdl_hook] playlist hook
[stream_callback] Opening http://prem4.di.fm:80/detroithousentechno_hi?listen_key=ca64cdc02f76c2c2
[ffmpeg] Opening http://prem4.di.fm:80/detroithousentechno_hi?listen_key=ca64cdc02f76c2c2
[cplayer] Set property: user-data/osc/margins={"r":0,"b":0,"l":0,"t":0} -> 1
[cplayer] Set property: user-data/osc/margins={"r":0,"b":0,"l":0,"t":0} -> 1
[osd/libass] libass API version: 0x1703000
[osd/libass] libass source: tarball: 0.17.3
[osd/libass] Shaper: FriBidi 1.0.15 (SIMPLE) HarfBuzz-ng 10.2.0 (COMPLEX)
[osd/libass] Setting up fonts...
[osd/libass] Using font provider fontconfig
[osd/libass] Done.
[ffmpeg] http: HTTP error 401 Authentication Required
Failed to open http://prem4.di.fm:80/detroithousentechno_hi?listen_key=ca64cdc02f76c2c2.
[cplayer] Opening failed or was aborted: http://prem4.di.fm:80/detroithousentechno_hi?listen_key=ca64cdc02f76c2c2
[cplayer] Running hook: ytdl_hook/on_load_fail
[ytdl_hook] Video disabled. Only using audio
[ytdl_hook] No youtube-dl found with path yt-dlp in config directories
[ytdl_hook] Starting subprocess: [yt-dlp, --no-warnings, -J, --flat-playlist, --sub-format, ass/srt/best, --format, bestaudio/best, --sub-langs, all, --write-srt, --no-playlist, --, http://prem4.di.fm:80/detroithousentechno_hi?listen_key=ca64cdc02f76c2c2]
[ytdl_hook] Found youtube-dl with path yt-dlp in PATH
[cplayer] Set property: user-data/mpv/ytdl/path="yt-dlp" -> 1
[cplayer] Set property: user-data/mpv/ytdl/json-subprocess-result={"stdout":"null\n","error_string":"","status":1,"killed_by_us":false,"stderr":"ERROR: [generic] Unable to download webpage: HTTP Error 401: Authentication Required (caused by <HTTPError 401: Authentication Required>)\n"} -> 1
[ytdl_hook] status: 1
[ytdl_hook] reason: 
[ytdl_hook] stdout: null
[ytdl_hook] 
[ytdl_hook] stderr: ERROR: [generic] Unable to download webpage: HTTP Error 401: Authentication Required (caused by <HTTPError 401: Authentication Required>)
[ytdl_hook] 
[ytdl_hook] ERROR: [generic] Unable to download webpage: HTTP Error 401: Authentication Required (caused by <HTTPError 401: Authentication Required>)
[ytdl_hook] youtube-dl failed: unexpected error occurred
[cplayer] finished playback, loading failed (reason 4)
[cplayer] Running hook: ytdl_hook/on_after_end_file
Exiting... (Quit)
mpv process exited with code 4

===== mpv launch 2026-03-14 22:14:53 =====
station_id=difm:chillntropicalhouse
stream_url=http://prem1.di.fm:80/chillntropicalhouse_hi?listen_key=ca64cdc02f76c2c2
command=mpv --no-video --force-window=no --msg-level=all=v --audio-device=auto --cache-secs=8.0 --idle=yes --no-video --force-window=no --volume=100 http://prem1.di.fm:80/chillntropicalhouse_hi?listen_key=ca64cdc02f76c2c2
[cplayer] Command line options: '--no-video' '--force-window=no' '--msg-level=all=v' '--audio-device=auto' '--cache-secs=8.0' '--idle=yes' '--no-video' '--force-window=no' '--volume=100' 'http://prem1.di.fm:80/chillntropicalhouse_hi?listen_key=ca64cdc02f76c2c2'
[cplayer] mpv v0.40.0 Copyright © 2000-2025 mpv/MPlayer/mplayer2 projects
[cplayer] libplacebo version: v7.349.0
[cplayer] FFmpeg version: 7.1.2-0+deb13u1 (runtime 7.1.3-0+deb13u1+rpt1)
[cplayer] FFmpeg library versions:
[cplayer]    libavcodec      61.19.101
[cplayer]    libavdevice     61.3.100
[cplayer]    libavfilter     10.4.100
[cplayer]    libavformat     61.7.100
[cplayer]    libavutil       59.39.100
[cplayer]    libswresample   5.3.100
[cplayer]    libswscale      8.3.100
[cplayer] Configuration: -Dpython.bytecompile=-1 -Dlibmpv=true -Dbuild-date=false -Dcdda=enabled -Ddvdnav=enabled -Dsdl2=enabled -Ddvbin=enabled -Dprefix=/usr -Dlibdir=lib/aarch64-linux-gnu -Dlocalstatedir=/var -Dsysconfdir=/etc -Dbuildtype=plain -Dwrap_mode=nodownload
[cplayer] List of enabled features: alsa caca cdda cplugins cuda-hwaccel cuda-interop dmabuf-interop-gl dmabuf-wayland drm dvbin dvdnav egl egl-drm egl-wayland egl-x11 ffmpeg ffnvcodec gbm gl glibc-thread-name glob glob-posix gpl iconv jack javascript jpeg lcms2 libarchive libass libavdevice libbluray libdl libplacebo linux-fstatfs lua52 memfd-create memrchr pipewire posix posix-shm ppoll pthread-condattr-setclock pulse rubberband rubberband-3 sdl2 sdl2-audio sdl2-gamepad sdl2-video sixel sndio sndio-1-9 uchardet vaapi vaapi-drm vaapi-wayland vaapi-x11 vdpau vector vk-khr-display vt.h vulkan wayland wayland-protocols-1-32 wayland-protocols-1-38 wayland-protocols-1-39 wayland-protocols-1-41 x11 xv zimg zimg-st428 zlib
[cplayer] Reading config file /etc/mpv/encoding-profiles.conf
[ifo_dvdnav] Opening /etc/mpv/encoding-profiles.conf
[bdmv/bluray] Opening /etc/mpv/encoding-profiles.conf
[file] Opening /etc/mpv/encoding-profiles.conf
[cplayer] Applying profile 'default'...
[cplayer] Setting option 'video' = 'no' (flags = 8)
[cplayer] Setting option 'force-window' = 'no' (flags = 8)
[cplayer] Setting option 'msg-level' = 'all=v' (flags = 8)
[cplayer] Setting option 'audio-device' = 'auto' (flags = 8)
[cplayer] Setting option 'cache-secs' = '8.0' (flags = 8)
[cplayer] Setting option 'idle' = 'yes' (flags = 8)
[cplayer] Setting option 'video' = 'no' (flags = 8)
[cplayer] Setting option 'force-window' = 'no' (flags = 8)
[cplayer] Setting option 'volume' = '100' (flags = 8)
[clipboard] Initialized vo clipboard backend.
[cplayer] Waiting for scripts...
[cplayer] Set property: user-data/osc/visibility="auto" -> 1
[cplayer] Set property: user-data/osc/margins={"b":0,"r":0,"t":0,"l":0} -> 1
[cplayer] Done loading scripts.
[cplayer] Running hook: auto_profiles/on_before_start_file
[cplayer] Failed sending hook command auto_profiles/on_before_start_file. Removing hook.
[cplayer] Running hook: auto_profiles/on_load
[cplayer] Failed sending hook command auto_profiles/on_load. Removing hook.
[cplayer] Running hook: ytdl_hook/on_load
[cplayer] Running hook: ytdl_hook/on_load
[ytdl_hook] playlist hook
[stream_callback] Opening http://prem1.di.fm:80/chillntropicalhouse_hi?listen_key=ca64cdc02f76c2c2
[ffmpeg] Opening http://prem1.di.fm:80/chillntropicalhouse_hi?listen_key=ca64cdc02f76c2c2
[cplayer] Set property: user-data/osc/margins={"b":0,"r":0,"t":0,"l":0} -> 1
[cplayer] Set property: user-data/osc/margins={"b":0,"r":0,"t":0,"l":0} -> 1
[osd/libass] libass API version: 0x1703000
[osd/libass] libass source: tarball: 0.17.3
[osd/libass] Shaper: FriBidi 1.0.15 (SIMPLE) HarfBuzz-ng 10.2.0 (COMPLEX)
[osd/libass] Setting up fonts...
[osd/libass] Using font provider fontconfig
[osd/libass] Done.
[ffmpeg] http: HTTP error 401 Authentication Required
Failed to open http://prem1.di.fm:80/chillntropicalhouse_hi?listen_key=ca64cdc02f76c2c2.
[cplayer] Opening failed or was aborted: http://prem1.di.fm:80/chillntropicalhouse_hi?listen_key=ca64cdc02f76c2c2
[cplayer] Running hook: ytdl_hook/on_load_fail
[ytdl_hook] Video disabled. Only using audio
[ytdl_hook] No youtube-dl found with path yt-dlp in config directories
[ytdl_hook] Starting subprocess: [yt-dlp, --no-warnings, -J, --flat-playlist, --sub-format, ass/srt/best, --format, bestaudio/best, --sub-langs, all, --write-srt, --no-playlist, --, http://prem1.di.fm:80/chillntropicalhouse_hi?listen_key=ca64cdc02f76c2c2]
[ytdl_hook] Subprocess failed: killed
[ytdl_hook] Found youtube-dl with path yt-dlp in PATH
[cplayer] Set property: user-data/mpv/ytdl/path="yt-dlp" -> 1
[cplayer] finished playback, success (reason 3)
[cplayer] Running hook: ytdl_hook/on_after_end_file
Exiting... (Quit)
mpv process exited with code 4

===== mpv launch 2026-03-14 22:14:55 =====
station_id=difm:atmosphericbreaks
stream_url=http://prem1.di.fm:80/atmosphericbreaks_hi?listen_key=ca64cdc02f76c2c2
command=mpv --no-video --force-window=no --msg-level=all=v --audio-device=auto --cache-secs=8.0 --idle=yes --no-video --force-window=no --volume=100 http://prem1.di.fm:80/atmosphericbreaks_hi?listen_key=ca64cdc02f76c2c2
[cplayer] Command line options: '--no-video' '--force-window=no' '--msg-level=all=v' '--audio-device=auto' '--cache-secs=8.0' '--idle=yes' '--no-video' '--force-window=no' '--volume=100' 'http://prem1.di.fm:80/atmosphericbreaks_hi?listen_key=ca64cdc02f76c2c2'
[cplayer] mpv v0.40.0 Copyright © 2000-2025 mpv/MPlayer/mplayer2 projects
[cplayer] libplacebo version: v7.349.0
[cplayer] FFmpeg version: 7.1.2-0+deb13u1 (runtime 7.1.3-0+deb13u1+rpt1)
[cplayer] FFmpeg library versions:
[cplayer]    libavcodec      61.19.101
[cplayer]    libavdevice     61.3.100
[cplayer]    libavfilter     10.4.100
[cplayer]    libavformat     61.7.100
[cplayer]    libavutil       59.39.100
[cplayer]    libswresample   5.3.100
[cplayer]    libswscale      8.3.100
[cplayer] Configuration: -Dpython.bytecompile=-1 -Dlibmpv=true -Dbuild-date=false -Dcdda=enabled -Ddvdnav=enabled -Dsdl2=enabled -Ddvbin=enabled -Dprefix=/usr -Dlibdir=lib/aarch64-linux-gnu -Dlocalstatedir=/var -Dsysconfdir=/etc -Dbuildtype=plain -Dwrap_mode=nodownload
[cplayer] List of enabled features: alsa caca cdda cplugins cuda-hwaccel cuda-interop dmabuf-interop-gl dmabuf-wayland drm dvbin dvdnav egl egl-drm egl-wayland egl-x11 ffmpeg ffnvcodec gbm gl glibc-thread-name glob glob-posix gpl iconv jack javascript jpeg lcms2 libarchive libass libavdevice libbluray libdl libplacebo linux-fstatfs lua52 memfd-create memrchr pipewire posix posix-shm ppoll pthread-condattr-setclock pulse rubberband rubberband-3 sdl2 sdl2-audio sdl2-gamepad sdl2-video sixel sndio sndio-1-9 uchardet vaapi vaapi-drm vaapi-wayland vaapi-x11 vdpau vector vk-khr-display vt.h vulkan wayland wayland-protocols-1-32 wayland-protocols-1-38 wayland-protocols-1-39 wayland-protocols-1-41 x11 xv zimg zimg-st428 zlib
[cplayer] Reading config file /etc/mpv/encoding-profiles.conf
[ifo_dvdnav] Opening /etc/mpv/encoding-profiles.conf
[bdmv/bluray] Opening /etc/mpv/encoding-profiles.conf
[file] Opening /etc/mpv/encoding-profiles.conf
[cplayer] Applying profile 'default'...
[cplayer] Setting option 'video' = 'no' (flags = 8)
[cplayer] Setting option 'force-window' = 'no' (flags = 8)
[cplayer] Setting option 'msg-level' = 'all=v' (flags = 8)
[cplayer] Setting option 'audio-device' = 'auto' (flags = 8)
[cplayer] Setting option 'cache-secs' = '8.0' (flags = 8)
[cplayer] Setting option 'idle' = 'yes' (flags = 8)
[cplayer] Setting option 'video' = 'no' (flags = 8)
[cplayer] Setting option 'force-window' = 'no' (flags = 8)
[cplayer] Setting option 'volume' = '100' (flags = 8)
[clipboard] Initialized vo clipboard backend.
[cplayer] Waiting for scripts...
[cplayer] Set property: user-data/osc/visibility="auto" -> 1
[cplayer] Set property: user-data/osc/margins={"l":0,"b":0,"r":0,"t":0} -> 1
[cplayer] Done loading scripts.
[cplayer] Running hook: auto_profiles/on_before_start_file
[cplayer] Failed sending hook command auto_profiles/on_before_start_file. Removing hook.
[cplayer] Running hook: auto_profiles/on_load
[cplayer] Failed sending hook command auto_profiles/on_load. Removing hook.
[cplayer] Running hook: ytdl_hook/on_load
[cplayer] Set property: user-data/osc/margins={"l":0,"b":0,"r":0,"t":0} -> 1
[cplayer] Running hook: ytdl_hook/on_load
[ytdl_hook] playlist hook
[stream_callback] Opening http://prem1.di.fm:80/atmosphericbreaks_hi?listen_key=ca64cdc02f76c2c2
[ffmpeg] Opening http://prem1.di.fm:80/atmosphericbreaks_hi?listen_key=ca64cdc02f76c2c2
[cplayer] Set property: user-data/osc/margins={"l":0,"b":0,"r":0,"t":0} -> 1
[osd/libass] libass API version: 0x1703000
[osd/libass] libass source: tarball: 0.17.3
[osd/libass] Shaper: FriBidi 1.0.15 (SIMPLE) HarfBuzz-ng 10.2.0 (COMPLEX)
[osd/libass] Setting up fonts...
[osd/libass] Using font provider fontconfig
[osd/libass] Done.
[ffmpeg] http: HTTP error 401 Authentication Required
Failed to open http://prem1.di.fm:80/atmosphericbreaks_hi?listen_key=ca64cdc02f76c2c2.
[cplayer] Opening failed or was aborted: http://prem1.di.fm:80/atmosphericbreaks_hi?listen_key=ca64cdc02f76c2c2
[cplayer] Running hook: ytdl_hook/on_load_fail
[ytdl_hook] Video disabled. Only using audio
[ytdl_hook] No youtube-dl found with path yt-dlp in config directories
[ytdl_hook] Starting subprocess: [yt-dlp, --no-warnings, -J, --flat-playlist, --sub-format, ass/srt/best, --format, bestaudio/best, --sub-langs, all, --write-srt, --no-playlist, --, http://prem1.di.fm:80/atmosphericbreaks_hi?listen_key=ca64cdc02f76c2c2]
[ytdl_hook] Subprocess failed: killed
[ytdl_hook] Found youtube-dl with path yt-dlp in PATH
[cplayer] Set property: user-data/mpv/ytdl/path="yt-dlp" -> 1
[cplayer] finished playback, success (reason 3)
[cplayer] Running hook: ytdl_hook/on_after_end_file
Exiting... (Quit)
mpv process exited with code 4

===== mpv launch 2026-03-14 22:14:59 =====
station_id=difm:bassnjackinhouse
stream_url=http://prem4.di.fm:80/bassnjackinhouse_hi?listen_key=ca64cdc02f76c2c2
command=mpv --no-video --force-window=no --msg-level=all=v --audio-device=auto --cache-secs=8.0 --idle=yes --no-video --force-window=no --volume=100 http://prem4.di.fm:80/bassnjackinhouse_hi?listen_key=ca64cdc02f76c2c2
mpv process exited with code -15

===== mpv launch 2026-03-14 22:15:00 =====
station_id=difm:bassline
stream_url=http://prem1.di.fm:80/bassline_hi?listen_key=ca64cdc02f76c2c2
command=mpv --no-video --force-window=no --msg-level=all=v --audio-device=auto --cache-secs=8.0 --idle=yes --no-video --force-window=no --volume=100 http://prem1.di.fm:80/bassline_hi?listen_key=ca64cdc02f76c2c2
mpv process exited with code -15

===== mpv launch 2026-03-14 22:15:00 =====
station_id=difm:bigbeat
stream_url=http://prem1.di.fm:80/bigbeat_hi?listen_key=ca64cdc02f76c2c2
command=mpv --no-video --force-window=no --msg-level=all=v --audio-device=auto --cache-secs=8.0 --idle=yes --no-video --force-window=no --volume=100 http://prem1.di.fm:80/bigbeat_hi?listen_key=ca64cdc02f76c2c2
mpv process exited with code -15

===== mpv launch 2026-03-14 22:15:01 =====
station_id=difm:breaks
stream_url=http://prem1.di.fm:80/breaks_hi?listen_key=ca64cdc02f76c2c2
command=mpv --no-video --force-window=no --msg-level=all=v --audio-device=auto --cache-secs=8.0 --idle=yes --no-video --force-window=no --volume=100 http://prem1.di.fm:80/breaks_hi?listen_key=ca64cdc02f76c2c2
mpv process exited with code -15

===== mpv launch 2026-03-14 22:15:02 =====
station_id=difm:chillstep
stream_url=http://prem1.di.fm:80/chillstep_hi?listen_key=ca64cdc02f76c2c2
command=mpv --no-video --force-window=no --msg-level=all=v --audio-device=auto --cache-secs=8.0 --idle=yes --no-video --force-window=no --volume=100 http://prem1.di.fm:80/chillstep_hi?listen_key=ca64cdc02f76c2c2
mpv process exited with code -15

===== mpv launch 2026-03-14 22:15:03 =====
station_id=difm:clubdubstep
stream_url=http://prem1.di.fm:80/clubdubstep_hi?listen_key=ca64cdc02f76c2c2
command=mpv --no-video --force-window=no --msg-level=all=v --audio-device=auto --cache-secs=8.0 --idle=yes --no-video --force-window=no --volume=100 http://prem1.di.fm:80/clubdubstep_hi?listen_key=ca64cdc02f76c2c2
[cplayer] Command line options: '--no-video' '--force-window=no' '--msg-level=all=v' '--audio-device=auto' '--cache-secs=8.0' '--idle=yes' '--no-video' '--force-window=no' '--volume=100' 'http://prem1.di.fm:80/clubdubstep_hi?listen_key=ca64cdc02f76c2c2'
[cplayer] mpv v0.40.0 Copyright © 2000-2025 mpv/MPlayer/mplayer2 projects
[cplayer] libplacebo version: v7.349.0
[cplayer] FFmpeg version: 7.1.2-0+deb13u1 (runtime 7.1.3-0+deb13u1+rpt1)
[cplayer] FFmpeg library versions:
[cplayer]    libavcodec      61.19.101
[cplayer]    libavdevice     61.3.100
[cplayer]    libavfilter     10.4.100
[cplayer]    libavformat     61.7.100
[cplayer]    libavutil       59.39.100
[cplayer]    libswresample   5.3.100
[cplayer]    libswscale      8.3.100
[cplayer] Configuration: -Dpython.bytecompile=-1 -Dlibmpv=true -Dbuild-date=false -Dcdda=enabled -Ddvdnav=enabled -Dsdl2=enabled -Ddvbin=enabled -Dprefix=/usr -Dlibdir=lib/aarch64-linux-gnu -Dlocalstatedir=/var -Dsysconfdir=/etc -Dbuildtype=plain -Dwrap_mode=nodownload
[cplayer] List of enabled features: alsa caca cdda cplugins cuda-hwaccel cuda-interop dmabuf-interop-gl dmabuf-wayland drm dvbin dvdnav egl egl-drm egl-wayland egl-x11 ffmpeg ffnvcodec gbm gl glibc-thread-name glob glob-posix gpl iconv jack javascript jpeg lcms2 libarchive libass libavdevice libbluray libdl libplacebo linux-fstatfs lua52 memfd-create memrchr pipewire posix posix-shm ppoll pthread-condattr-setclock pulse rubberband rubberband-3 sdl2 sdl2-audio sdl2-gamepad sdl2-video sixel sndio sndio-1-9 uchardet vaapi vaapi-drm vaapi-wayland vaapi-x11 vdpau vector vk-khr-display vt.h vulkan wayland wayland-protocols-1-32 wayland-protocols-1-38 wayland-protocols-1-39 wayland-protocols-1-41 x11 xv zimg zimg-st428 zlib
[cplayer] Reading config file /etc/mpv/encoding-profiles.conf
[ifo_dvdnav] Opening /etc/mpv/encoding-profiles.conf
[bdmv/bluray] Opening /etc/mpv/encoding-profiles.conf
[file] Opening /etc/mpv/encoding-profiles.conf
[cplayer] Applying profile 'default'...
[cplayer] Setting option 'video' = 'no' (flags = 8)
[cplayer] Setting option 'force-window' = 'no' (flags = 8)
[cplayer] Setting option 'msg-level' = 'all=v' (flags = 8)
[cplayer] Setting option 'audio-device' = 'auto' (flags = 8)
[cplayer] Setting option 'cache-secs' = '8.0' (flags = 8)
[cplayer] Setting option 'idle' = 'yes' (flags = 8)
[cplayer] Setting option 'video' = 'no' (flags = 8)
[cplayer] Setting option 'force-window' = 'no' (flags = 8)
[cplayer] Setting option 'volume' = '100' (flags = 8)
[clipboard] Initialized vo clipboard backend.
[cplayer] Waiting for scripts...
[cplayer] Set property: user-data/osc/visibility="auto" -> 1
[cplayer] Set property: user-data/osc/margins={"b":0,"r":0,"t":0,"l":0} -> 1
[cplayer] Done loading scripts.
[cplayer] Running hook: auto_profiles/on_before_start_file
[cplayer] Failed sending hook command auto_profiles/on_before_start_file. Removing hook.
[cplayer] Running hook: auto_profiles/on_load
[cplayer] Failed sending hook command auto_profiles/on_load. Removing hook.
[cplayer] Running hook: ytdl_hook/on_load
[cplayer] Running hook: ytdl_hook/on_load
[ytdl_hook] playlist hook
[stream_callback] Opening http://prem1.di.fm:80/clubdubstep_hi?listen_key=ca64cdc02f76c2c2
[ffmpeg] Opening http://prem1.di.fm:80/clubdubstep_hi?listen_key=ca64cdc02f76c2c2
[cplayer] Set property: user-data/osc/margins={"b":0,"r":0,"t":0,"l":0} -> 1
[cplayer] Set property: user-data/osc/margins={"b":0,"r":0,"t":0,"l":0} -> 1
[osd/libass] libass API version: 0x1703000
[osd/libass] libass source: tarball: 0.17.3
[osd/libass] Shaper: FriBidi 1.0.15 (SIMPLE) HarfBuzz-ng 10.2.0 (COMPLEX)
[osd/libass] Setting up fonts...
[osd/libass] Using font provider fontconfig
[osd/libass] Done.
[cplayer] Opening failed or was aborted: http://prem1.di.fm:80/clubdubstep_hi?listen_key=ca64cdc02f76c2c2
[cplayer] finished playback, success (reason 3)
[cplayer] Running hook: ytdl_hook/on_after_end_file
Exiting... (Quit)
mpv process exited with code 4

===== mpv launch 2026-03-14 22:15:04 =====
station_id=difm:darkdnb
stream_url=http://prem1.di.fm:80/darkdnb_hi?listen_key=ca64cdc02f76c2c2
command=mpv --no-video --force-window=no --msg-level=all=v --audio-device=auto --cache-secs=8.0 --idle=yes --no-video --force-window=no --volume=100 http://prem1.di.fm:80/darkdnb_hi?listen_key=ca64cdc02f76c2c2
[cplayer] Command line options: '--no-video' '--force-window=no' '--msg-level=all=v' '--audio-device=auto' '--cache-secs=8.0' '--idle=yes' '--no-video' '--force-window=no' '--volume=100' 'http://prem1.di.fm:80/darkdnb_hi?listen_key=ca64cdc02f76c2c2'
[cplayer] mpv v0.40.0 Copyright © 2000-2025 mpv/MPlayer/mplayer2 projects
[cplayer] libplacebo version: v7.349.0
[cplayer] FFmpeg version: 7.1.2-0+deb13u1 (runtime 7.1.3-0+deb13u1+rpt1)
[cplayer] FFmpeg library versions:
[cplayer]    libavcodec      61.19.101
[cplayer]    libavdevice     61.3.100
[cplayer]    libavfilter     10.4.100
[cplayer]    libavformat     61.7.100
[cplayer]    libavutil       59.39.100
[cplayer]    libswresample   5.3.100
[cplayer]    libswscale      8.3.100
[cplayer] Configuration: -Dpython.bytecompile=-1 -Dlibmpv=true -Dbuild-date=false -Dcdda=enabled -Ddvdnav=enabled -Dsdl2=enabled -Ddvbin=enabled -Dprefix=/usr -Dlibdir=lib/aarch64-linux-gnu -Dlocalstatedir=/var -Dsysconfdir=/etc -Dbuildtype=plain -Dwrap_mode=nodownload
[cplayer] List of enabled features: alsa caca cdda cplugins cuda-hwaccel cuda-interop dmabuf-interop-gl dmabuf-wayland drm dvbin dvdnav egl egl-drm egl-wayland egl-x11 ffmpeg ffnvcodec gbm gl glibc-thread-name glob glob-posix gpl iconv jack javascript jpeg lcms2 libarchive libass libavdevice libbluray libdl libplacebo linux-fstatfs lua52 memfd-create memrchr pipewire posix posix-shm ppoll pthread-condattr-setclock pulse rubberband rubberband-3 sdl2 sdl2-audio sdl2-gamepad sdl2-video sixel sndio sndio-1-9 uchardet vaapi vaapi-drm vaapi-wayland vaapi-x11 vdpau vector vk-khr-display vt.h vulkan wayland wayland-protocols-1-32 wayland-protocols-1-38 wayland-protocols-1-39 wayland-protocols-1-41 x11 xv zimg zimg-st428 zlib
[cplayer] Reading config file /etc/mpv/encoding-profiles.conf
[ifo_dvdnav] Opening /etc/mpv/encoding-profiles.conf
[bdmv/bluray] Opening /etc/mpv/encoding-profiles.conf
[file] Opening /etc/mpv/encoding-profiles.conf
[cplayer] Applying profile 'default'...
[cplayer] Setting option 'video' = 'no' (flags = 8)
[cplayer] Setting option 'force-window' = 'no' (flags = 8)
[cplayer] Setting option 'msg-level' = 'all=v' (flags = 8)
[cplayer] Setting option 'audio-device' = 'auto' (flags = 8)
[cplayer] Setting option 'cache-secs' = '8.0' (flags = 8)
[cplayer] Setting option 'idle' = 'yes' (flags = 8)
[cplayer] Setting option 'video' = 'no' (flags = 8)
[cplayer] Setting option 'force-window' = 'no' (flags = 8)
[cplayer] Setting option 'volume' = '100' (flags = 8)
[clipboard] Initialized vo clipboard backend.
[cplayer] Waiting for scripts...
[cplayer] Set property: user-data/osc/visibility="auto" -> 1
[cplayer] Set property: user-data/osc/margins={"r":0,"b":0,"l":0,"t":0} -> 1
[cplayer] Done loading scripts.
[cplayer] Running hook: auto_profiles/on_before_start_file
[cplayer] Failed sending hook command auto_profiles/on_before_start_file. Removing hook.
[cplayer] Running hook: auto_profiles/on_load
[cplayer] Failed sending hook command auto_profiles/on_load. Removing hook.
[cplayer] Running hook: ytdl_hook/on_load
[cplayer] Running hook: ytdl_hook/on_load
[ytdl_hook] playlist hook
[stream_callback] Opening http://prem1.di.fm:80/darkdnb_hi?listen_key=ca64cdc02f76c2c2
[ffmpeg] Opening http://prem1.di.fm:80/darkdnb_hi?listen_key=ca64cdc02f76c2c2
[cplayer] Set property: user-data/osc/margins={"r":0,"b":0,"l":0,"t":0} -> 1
[osd/libass] libass API version: 0x1703000
[osd/libass] libass source: tarball: 0.17.3
[osd/libass] Shaper: FriBidi 1.0.15 (SIMPLE) HarfBuzz-ng 10.2.0 (COMPLEX)
[osd/libass] Setting up fonts...
[osd/libass] Using font provider fontconfig
[osd/libass] Done.
[cplayer] Set property: user-data/osc/margins={"r":0,"b":0,"l":0,"t":0} -> 1
[cplayer] Set property: user-data/osc/margins={"r":0,"b":0,"l":0,"t":0} -> 1
[ffmpeg] http: HTTP error 401 Authentication Required
Failed to open http://prem1.di.fm:80/darkdnb_hi?listen_key=ca64cdc02f76c2c2.
[cplayer] Opening failed or was aborted: http://prem1.di.fm:80/darkdnb_hi?listen_key=ca64cdc02f76c2c2
[cplayer] Running hook: ytdl_hook/on_load_fail
[ytdl_hook] Video disabled. Only using audio
[ytdl_hook] No youtube-dl found with path yt-dlp in config directories
[ytdl_hook] Starting subprocess: [yt-dlp, --no-warnings, -J, --flat-playlist, --sub-format, ass/srt/best, --format, bestaudio/best, --sub-langs, all, --write-srt, --no-playlist, --, http://prem1.di.fm:80/darkdnb_hi?listen_key=ca64cdc02f76c2c2]
[ytdl_hook] Found youtube-dl with path yt-dlp in PATH
[cplayer] Set property: user-data/mpv/ytdl/path="yt-dlp" -> 1
[cplayer] Set property: user-data/mpv/ytdl/json-subprocess-result={"status":1,"stderr":"ERROR: [generic] Unable to download webpage: HTTP Error 401: Authentication Required (caused by <HTTPError 401: Authentication Required>)\n","error_string":"","stdout":"null\n","killed_by_us":false} -> 1
[ytdl_hook] status: 1
[ytdl_hook] reason: 
[ytdl_hook] stdout: null
[ytdl_hook] 
[ytdl_hook] stderr: ERROR: [generic] Unable to download webpage: HTTP Error 401: Authentication Required (caused by <HTTPError 401: Authentication Required>)
[ytdl_hook] 
[ytdl_hook] ERROR: [generic] Unable to download webpage: HTTP Error 401: Authentication Required (caused by <HTTPError 401: Authentication Required>)
[ytdl_hook] youtube-dl failed: unexpected error occurred
[cplayer] finished playback, loading failed (reason 4)
[cplayer] Running hook: ytdl_hook/on_after_end_file
Exiting... (Quit)
mpv process exited with code 4

===== mpv launch 2026-03-14 22:18:39 =====
station_id=difm:clubdubstep
stream_url=http://prem1.di.fm:80/clubdubstep_hi?listen_key=ca64cdc02f76c2c2
command=mpv --no-video --force-window=no --msg-level=all=v --audio-device=auto --cache-secs=8.0 --idle=yes --no-video --force-window=no --volume=100 http://prem1.di.fm:80/clubdubstep_hi?listen_key=ca64cdc02f76c2c2
mpv process exited with code -15

===== mpv launch 2026-03-14 22:26:31 =====
station_id=difm:electronicpioneers
stream_url=http://prem1.di.fm:80/electronicpioneers_hi?ca64cdc02f76c2c2
command=mpv --no-video --force-window=no --msg-level=all=v --audio-device=auto --cache-secs=8.0 --idle=yes --no-video --force-window=no --volume=100 http://prem1.di.fm:80/electronicpioneers_hi?ca64cdc02f76c2c2
[cplayer] Command line options: '--no-video' '--force-window=no' '--msg-level=all=v' '--audio-device=auto' '--cache-secs=8.0' '--idle=yes' '--no-video' '--force-window=no' '--volume=100' 'http://prem1.di.fm:80/electronicpioneers_hi?ca64cdc02f76c2c2'
[cplayer] mpv v0.40.0 Copyright © 2000-2025 mpv/MPlayer/mplayer2 projects
[cplayer] libplacebo version: v7.349.0
[cplayer] FFmpeg version: 7.1.2-0+deb13u1 (runtime 7.1.3-0+deb13u1+rpt1)
[cplayer] FFmpeg library versions:
[cplayer]    libavcodec      61.19.101
[cplayer]    libavdevice     61.3.100
[cplayer]    libavfilter     10.4.100
[cplayer]    libavformat     61.7.100
[cplayer]    libavutil       59.39.100
[cplayer]    libswresample   5.3.100
[cplayer]    libswscale      8.3.100
[cplayer] Configuration: -Dpython.bytecompile=-1 -Dlibmpv=true -Dbuild-date=false -Dcdda=enabled -Ddvdnav=enabled -Dsdl2=enabled -Ddvbin=enabled -Dprefix=/usr -Dlibdir=lib/aarch64-linux-gnu -Dlocalstatedir=/var -Dsysconfdir=/etc -Dbuildtype=plain -Dwrap_mode=nodownload
[cplayer] List of enabled features: alsa caca cdda cplugins cuda-hwaccel cuda-interop dmabuf-interop-gl dmabuf-wayland drm dvbin dvdnav egl egl-drm egl-wayland egl-x11 ffmpeg ffnvcodec gbm gl glibc-thread-name glob glob-posix gpl iconv jack javascript jpeg lcms2 libarchive libass libavdevice libbluray libdl libplacebo linux-fstatfs lua52 memfd-create memrchr pipewire posix posix-shm ppoll pthread-condattr-setclock pulse rubberband rubberband-3 sdl2 sdl2-audio sdl2-gamepad sdl2-video sixel sndio sndio-1-9 uchardet vaapi vaapi-drm vaapi-wayland vaapi-x11 vdpau vector vk-khr-display vt.h vulkan wayland wayland-protocols-1-32 wayland-protocols-1-38 wayland-protocols-1-39 wayland-protocols-1-41 x11 xv zimg zimg-st428 zlib
[cplayer] Reading config file /etc/mpv/encoding-profiles.conf
[ifo_dvdnav] Opening /etc/mpv/encoding-profiles.conf
[bdmv/bluray] Opening /etc/mpv/encoding-profiles.conf
[file] Opening /etc/mpv/encoding-profiles.conf
[cplayer] Applying profile 'default'...
[cplayer] Setting option 'video' = 'no' (flags = 8)
[cplayer] Setting option 'force-window' = 'no' (flags = 8)
[cplayer] Setting option 'msg-level' = 'all=v' (flags = 8)
[cplayer] Setting option 'audio-device' = 'auto' (flags = 8)
[cplayer] Setting option 'cache-secs' = '8.0' (flags = 8)
[cplayer] Setting option 'idle' = 'yes' (flags = 8)
[cplayer] Setting option 'video' = 'no' (flags = 8)
[cplayer] Setting option 'force-window' = 'no' (flags = 8)
[cplayer] Setting option 'volume' = '100' (flags = 8)
[clipboard] Initialized vo clipboard backend.
[cplayer] Waiting for scripts...
[cplayer] Set property: user-data/osc/visibility="auto" -> 1
[cplayer] Set property: user-data/osc/margins={"b":0,"r":0,"t":0,"l":0} -> 1
[cplayer] Done loading scripts.
[cplayer] Running hook: auto_profiles/on_before_start_file
[cplayer] Failed sending hook command auto_profiles/on_before_start_file. Removing hook.
[cplayer] Running hook: auto_profiles/on_load
[cplayer] Failed sending hook command auto_profiles/on_load. Removing hook.
[cplayer] Running hook: ytdl_hook/on_load
[cplayer] Running hook: ytdl_hook/on_load
[ytdl_hook] playlist hook
[stream_callback] Opening http://prem1.di.fm:80/electronicpioneers_hi?ca64cdc02f76c2c2
[ffmpeg] Opening http://prem1.di.fm:80/electronicpioneers_hi?ca64cdc02f76c2c2
[cplayer] Set property: user-data/osc/margins={"b":0,"r":0,"t":0,"l":0} -> 1
[osd/libass] libass API version: 0x1703000
[osd/libass] libass source: tarball: 0.17.3
[osd/libass] Shaper: FriBidi 1.0.15 (SIMPLE) HarfBuzz-ng 10.2.0 (COMPLEX)
[osd/libass] Setting up fonts...
[osd/libass] Using font provider fontconfig
[osd/libass] Done.
[cplayer] Set property: user-data/osc/margins={"b":0,"r":0,"t":0,"l":0} -> 1
[cplayer] Set property: user-data/osc/margins={"b":0,"r":0,"t":0,"l":0} -> 1
[ffmpeg] Could not set AVOption tls_verify='0'
[ffmpeg] Mime-type: 'audio/mpeg'
[demux] Trying demuxers for level=normal.
[lavf] Found 'mp3' at score=1 size=2048.
[lavf] Found 'mp3' at score=25 size=4096.
[lavf] avformat_find_stream_info() finished after 25629 bytes.
[demux] Detected file format: mp3 (libavformat)
[demux] Stream is not seekable.
[cplayer] Opening done: http://prem1.di.fm:80/electronicpioneers_hi?ca64cdc02f76c2c2
[cplayer] Running hook: auto_profiles/on_preloaded
[cplayer] Failed sending hook command auto_profiles/on_preloaded. Removing hook.
[cplayer] Running hook: ytdl_hook/on_preloaded
[lavf] select track 0
[lavf] refresh track 0 (audio)
● Audio  --aid=1  (mp3 2ch 44100 Hz 320 kbps)
File tags:
 icy-title: Tangerine Dream - White Clouds
[ad] Codec list:
[ad]     mp3float (mp3) - MP3 (MPEG audio layer 3)
[ad]     mp3 - MP3 (MPEG audio layer 3)
[ad] Opening decoder mp3float
[ad] Requesting 1 threads for decoding.
[ad] Selected decoder: mp3float - MP3 (MPEG audio layer 3)
[af] User filter list:
[af]   (empty)
[cplayer] Starting playback...
[af] [in] 44100Hz stereo 2ch floatp
[af] [userspeed] 44100Hz stereo 2ch floatp
[af] [userspeed] (disabled)
[af] [convert] 44100Hz stereo 2ch floatp
[ao] Trying audio driver 'pipewire'
[ao/pipewire] requested format: 44100 Hz, stereo channels, floatp
[ao/pipewire] Headers version: 1.4.2
[ao/pipewire] Library version: 1.4.2
[ao/pipewire] Core user: egorkkk
[ao/pipewire] Core host: pi3
[ao/pipewire] Core version: 1.4.2
[ao/pipewire] Core name: pipewire-0
[ao/pipewire] using soft-buffer of 8820 samples.
AO: [pipewire] 44100Hz stereo 2ch floatp
[cplayer] AO: Description: PipeWire audio output
[af] [convert] (disabled)
[af] [out] 44100Hz stereo 2ch floatp
[cplayer] audio ready
[cplayer] starting audio playback
[cplayer] playback restart complete @ 0.000000, audio=playing, video=eof
A: 00:00:00 / 00:00:01 (0%) Cache: 0.8s/50KB
[cplayer] Set property: user-data/osc/margins={"b":0,"r":0,"t":0,"l":0} -> 1
A: 00:00:00 / 00:00:01 (0%) Cache: 0.8s/50KB
[cplayer] Set property: user-data/osc/margins={"b":0,"r":0,"t":0,"l":0} -> 1
A: 00:00:00 / 00:00:01 (0%) Cache: 0.8s/50KB
A: 00:00:00 / 00:00:01 (1%) Cache: 0.8s/48KB
A: 00:00:00 / 00:00:02 (0%) Cache: 1.9s/112KB
A: 00:00:00 / 00:00:02 (3%) Cache: 1.8s/107KB
A: 00:00:00 / 00:00:02 (5%) Cache: 1.8s/106KB
A: 00:00:00 / 00:00:03 (5%) Cache: 2.8s/167KB
A: 00:00:00 / 00:00:03 (7%) Cache: 2.7s/164KB
A: 00:00:00 / 00:00:03 (9%) Cache: 2.7s/159KB
A: 00:00:00 / 00:00:03 (11%) Cache: 2.6s/156KB
A: 00:00:00 / 00:00:03 (14%) Cache: 2.5s/151KB
A: 00:00:00 / 00:00:03 (16%) Cache: 2.5s/146KB
A: 00:00:00 / 00:00:03 (18%) Cache: 2.4s/143KB
A: 00:00:00 / 00:00:03 (19%) Cache: 2.3s/139KB
A: 00:00:00 / 00:00:04 (16%) Cache: 3.3s/200KB
A: 00:00:00 / 00:00:04 (17%) Cache: 3.3s/195KB
A: 00:00:00 / 00:00:04 (19%) Cache: 3.2s/192KB
A: 00:00:00 / 00:00:04 (20%) Cache: 3.1s/187KB
A: 00:00:00 / 00:00:04 (21%) Cache: 3.1s/185KB
A: 00:00:00 / 00:00:04 (23%) Cache: 3.0s/181KB
A: 00:00:01 / 00:00:04 (24%) Cache: 3.0s/178KB
A: 00:00:01 / 00:00:04 (26%) Cache: 2.9s/173KB
A: 00:00:01 / 00:00:04 (27%) Cache: 2.8s/170KB
A: 00:00:01 / 00:00:04 (28%) Cache: 2.8s/167KB
A: 00:00:01 / 00:00:04 (30%) Cache: 2.7s/164KB
A: 00:00:01 / 00:00:04 (32%) Cache: 2.7s/159KB
A: 00:00:01 / 00:00:04 (33%) Cache: 2.6s/156KB
A: 00:00:01 / 00:00:04 (34%) Cache: 2.6s/153KB
A: 00:00:01 / 00:00:04 (36%) Cache: 2.5s/150KB
A: 00:00:01 / 00:00:04 (37%) Cache: 2.4s/145KB
A: 00:00:01 / 00:00:04 (34%) Cache: 2.9s/173KB
A: 00:00:01 / 00:00:05 (32%) Cache: 3.3s/198KB
A: 00:00:01 / 00:00:05 (33%) Cache: 3.3s/195KB
A: 00:00:01 / 00:00:05 (35%) Cache: 3.2s/190KB
A: 00:00:01 / 00:00:05 (35%) Cache: 3.1s/187KB
A: 00:00:01 / 00:00:05 (37%) Cache: 3.1s/184KB
A: 00:00:01 / 00:00:05 (38%) Cache: 3.0s/181KB
A: 00:00:02 / 00:00:05 (39%) Cache: 3.0s/176KB
A: 00:00:02 / 00:00:05 (40%) Cache: 2.9s/173KB
A: 00:00:02 / 00:00:05 (41%) Cache: 2.8s/168KB
A: 00:00:02 / 00:00:05 (42%) Cache: 2.8s/168KB
A: 00:00:02 / 00:00:05 (43%) Cache: 2.7s/164KB
A: 00:00:02 / 00:00:05 (45%) Cache: 2.7s/160KB
A: 00:00:02 / 00:00:05 (45%) Cache: 2.6s/156KB
A: 00:00:02 / 00:00:05 (47%) Cache: 2.6s/154KB
A: 00:00:02 / 00:00:05 (48%) Cache: 2.5s/150KB
A: 00:00:02 / 00:00:05 (49%) Cache: 2.5s/146KB
A: 00:00:02 / 00:00:05 (50%) Cache: 2.4s/142KB
A: 00:00:02 / 00:00:05 (51%) Cache: 2.4s/140KB
A: 00:00:02 / 00:00:05 (52%) Cache: 2.3s/135KB
A: 00:00:02 / 00:00:05 (47%) Cache: 2.9s/175KB
A: 00:00:02 / 00:00:06 (46%) Cache: 3.2s/189KB
A: 00:00:02 / 00:00:06 (46%) Cache: 3.1s/187KB
A: 00:00:02 / 00:00:06 (48%) Cache: 3.1s/182KB
A: 00:00:03 / 00:00:06 (49%) Cache: 3.0s/178KB
A: 00:00:03 / 00:00:06 (50%) Cache: 2.9s/175KB
A: 00:00:03 / 00:00:06 (51%) Cache: 2.9s/171KB
A: 00:00:03 / 00:00:06 (52%) Cache: 2.8s/168KB
A: 00:00:03 / 00:00:06 (53%) Cache: 2.7s/164KB
A: 00:00:03 / 00:00:06 (54%) Cache: 2.7s/160KB
A: 00:00:03 / 00:00:06 (55%) Cache: 2.6s/156KB
A: 00:00:03 / 00:00:06 (56%) Cache: 2.6s/153KB
A: 00:00:03 / 00:00:06 (57%) Cache: 2.5s/148KB
A: 00:00:03 / 00:00:06 (58%) Cache: 2.4s/145KB
A: 00:00:03 / 00:00:06 (58%) Cache: 2.4s/142KB
A: 00:00:03 / 00:00:06 (59%) Cache: 2.3s/139KB
A: 00:00:03 / 00:00:07 (53%) Cache: 3.1s/185KB
A: 00:00:03 / 00:00:07 (52%) Cache: 3.2s/193KB
A: 00:00:03 / 00:00:07 (53%) Cache: 3.2s/189KB
A: 00:00:03 / 00:00:07 (54%) Cache: 3.1s/187KB
A: 00:00:04 / 00:00:07 (55%) Cache: 3.1s/182KB
A: 00:00:04 / 00:00:07 (56%) Cache: 3.0s/179KB
A: 00:00:04 / 00:00:07 (56%) Cache: 2.9s/175KB
A: 00:00:04 / 00:00:07 (57%) Cache: 2.9s/173KB
A: 00:00:04 / 00:00:07 (58%) Cache: 2.8s/168KB
A: 00:00:04 / 00:00:07 (59%) Cache: 2.8s/165KB
A: 00:00:04 / 00:00:07 (60%) Cache: 2.7s/160KB
A: 00:00:04 / 00:00:07 (60%) Cache: 2.6s/157KB
A: 00:00:04 / 00:00:07 (61%) Cache: 2.6s/154KB
A: 00:00:04 / 00:00:07 (62%) Cache: 2.5s/151KB
A: 00:00:04 / 00:00:07 (63%) Cache: 2.5s/146KB
A: 00:00:04 / 00:00:07 (64%) Cache: 2.4s/143KB
A: 00:00:04 / 00:00:07 (65%) Cache: 2.4s/140KB
A: 00:00:04 / 00:00:07 (65%) Cache: 2.3s/137KB
A: 00:00:04 / 00:00:07 (66%) Cache: 2.2s/132KB
A: 00:00:04 / 00:00:07 (67%) Cache: 2.2s/129KB
A: 00:00:04 / 00:00:07 (68%) Cache: 2.1s/126KB
A: 00:00:05 / 00:00:07 (69%) Cache: 2.1s/123KB
A: 00:00:05 / 00:00:07 (70%) Cache: 2.0s/118KB
A: 00:00:05 / 00:00:07 (70%) Cache: 1.9s/115KB
A: 00:00:05 / 00:00:07 (71%) Cache: 1.9s/112KB
A: 00:00:05 / 00:00:07 (72%) Cache: 1.8s/109KB
A: 00:00:05 / 00:00:07 (73%) Cache: 1.8s/104KB
A: 00:00:05 / 00:00:07 (73%) Cache: 1.7s/101KB
A: 00:00:05 / 00:00:07 (74%) Cache: 1.6s/98KB
A: 00:00:05 / 00:00:07 (75%) Cache: 1.6s/95KB
A: 00:00:05 / 00:00:07 (76%) Cache: 1.5s/90KB
A: 00:00:05 / 00:00:07 (77%) Cache: 1.4s/85KB
A: 00:00:05 / 00:00:07 (78%) Cache: 1.4s/82KB
A: 00:00:05 / 00:00:07 (79%) Cache: 1.3s/78KB
A: 00:00:05 / 00:00:07 (80%) Cache: 1.3s/75KB
A: 00:00:05 / 00:00:07 (80%) Cache: 1.2s/70KB
A: 00:00:05 / 00:00:07 (77%) Cache: 1.5s/90KB
A: 00:00:05 / 00:00:07 (78%) Cache: 1.4s/85KB
A: 00:00:06 / 00:00:08 (72%) Cache: 2.1s/126KB
A: 00:00:06 / 00:00:08 (73%) Cache: 2.1s/123KB
A: 00:00:06 / 00:00:08 (73%) Cache: 2.0s/120KB
A: 00:00:06 / 00:00:09 (66%) Cache: 2.9s/175KB
A: 00:00:06 / 00:00:09 (67%) Cache: 2.9s/171KB
A: 00:00:06 / 00:00:09 (68%) Cache: 2.8s/167KB
A: 00:00:06 / 00:00:09 (68%) Cache: 2.7s/164KB
A: 00:00:06 / 00:00:09 (69%) Cache: 2.7s/160KB
A: 00:00:06 / 00:00:09 (69%) Cache: 2.6s/157KB
A: 00:00:06 / 00:00:09 (70%) Cache: 2.6s/153KB
A: 00:00:06 / 00:00:09 (71%) Cache: 2.5s/150KB
A: 00:00:06 / 00:00:09 (71%) Cache: 2.5s/146KB
A: 00:00:06 / 00:00:09 (72%) Cache: 2.4s/143KB
A: 00:00:06 / 00:00:09 (73%) Cache: 2.3s/139KB
A: 00:00:06 / 00:00:09 (73%) Cache: 2.3s/135KB
A: 00:00:06 / 00:00:09 (74%) Cache: 2.2s/131KB
A: 00:00:06 / 00:00:09 (75%) Cache: 2.1s/128KB
A: 00:00:07 / 00:00:09 (76%) Cache: 2.1s/123KB
A: 00:00:07 / 00:00:09 (76%) Cache: 2.0s/118KB
A: 00:00:07 / 00:00:09 (77%) Cache: 1.9s/115KB
A: 00:00:07 / 00:00:09 (78%) Cache: 1.9s/110KB
A: 00:00:07 / 00:00:09 (78%) Cache: 1.8s/107KB
A: 00:00:07 / 00:00:09 (79%) Cache: 1.7s/103KB
A: 00:00:07 / 00:00:09 (80%) Cache: 1.7s/101KB
A: 00:00:07 / 00:00:09 (80%) Cache: 1.6s/96KB
A: 00:00:07 / 00:00:09 (81%) Cache: 1.6s/93KB
A: 00:00:07 / 00:00:09 (81%) Cache: 1.5s/89KB
A: 00:00:07 / 00:00:09 (82%) Cache: 1.5s/87KB
A: 00:00:07 / 00:00:09 (79%) Cache: 1.8s/104KB
A: 00:00:07 / 00:00:09 (80%) Cache: 1.7s/103KB
A: 00:00:07 / 00:00:10 (75%) Cache: 2.3s/139KB
A: 00:00:07 / 00:00:10 (76%) Cache: 2.3s/135KB
A: 00:00:07 / 00:00:11 (72%) Cache: 2.9s/171KB
A: 00:00:07 / 00:00:11 (70%) Cache: 3.2s/189KB
A: 00:00:08 / 00:00:11 (71%) Cache: 3.1s/185KB
A: 00:00:08 / 00:00:11 (71%) Cache: 3.1s/182KB
A: 00:00:08 / 00:00:11 (72%) Cache: 3.0s/179KB
A: 00:00:08 / 00:00:11 (72%) Cache: 2.9s/175KB
A: 00:00:08 / 00:00:11 (73%) Cache: 2.8s/170KB
A: 00:00:08 / 00:00:11 (73%) Cache: 2.8s/167KB
A: 00:00:08 / 00:00:11 (74%) Cache: 2.7s/164KB
A: 00:00:08 / 00:00:11 (74%) Cache: 2.7s/160KB
A: 00:00:08 / 00:00:11 (75%) Cache: 2.6s/156KB
A: 00:00:08 / 00:00:11 (76%) Cache: 2.6s/153KB
A: 00:00:08 / 00:00:11 (76%) Cache: 2.5s/148KB
A: 00:00:08 / 00:00:11 (77%) Cache: 2.4s/145KB
A: 00:00:08 / 00:00:11 (77%) Cache: 2.4s/140KB
A: 00:00:08 / 00:00:11 (78%) Cache: 2.3s/135KB
A: 00:00:08 / 00:00:11 (79%) Cache: 2.2s/132KB
A: 00:00:09 / 00:00:11 (79%) Cache: 2.1s/128KB
A: 00:00:09 / 00:00:11 (80%) Cache: 2.1s/125KB
A: 00:00:09 / 00:00:11 (80%) Cache: 2.0s/120KB
A: 00:00:09 / 00:00:11 (81%) Cache: 2.0s/118KB
A: 00:00:09 / 00:00:11 (81%) Cache: 1.9s/114KB
A: 00:00:09 / 00:00:11 (82%) Cache: 1.9s/110KB
A: 00:00:09 / 00:00:11 (82%) Cache: 1.8s/106KB
A: 00:00:09 / 00:00:11 (83%) Cache: 1.8s/104KB
A: 00:00:09 / 00:00:11 (83%) Cache: 1.7s/100KB
A: 00:00:09 / 00:00:11 (84%) Cache: 1.6s/96KB
A: 00:00:09 / 00:00:11 (84%) Cache: 1.5s/92KB
A: 00:00:09 / 00:00:11 (85%) Cache: 1.5s/89KB
A: 00:00:09 / 00:00:11 (86%) Cache: 1.4s/84KB
A: 00:00:09 / 00:00:11 (85%) Cache: 1.5s/87KB
A: 00:00:09 / 00:00:11 (84%) Cache: 1.6s/98KB
A: 00:00:09 / 00:00:11 (84%) Cache: 1.6s/95KB
A: 00:00:09 / 00:00:12 (80%) Cache: 2.3s/135KB
A: 00:00:10 / 00:00:12 (80%) Cache: 2.2s/132KB
A: 00:00:10 / 00:00:13 (75%) Cache: 3.1s/187KB
A: 00:00:10 / 00:00:13 (75%) Cache: 3.1s/182KB
A: 00:00:10 / 00:00:13 (76%) Cache: 3.0s/179KB
A: 00:00:10 / 00:00:13 (77%) Cache: 2.9s/175KB
A: 00:00:10 / 00:00:13 (77%) Cache: 2.9s/171KB
A: 00:00:10 / 00:00:13 (77%) Cache: 2.8s/167KB
A: 00:00:10 / 00:00:13 (78%) Cache: 2.7s/164KB
A: 00:00:10 / 00:00:13 (79%) Cache: 2.7s/159KB
A: 00:00:10 / 00:00:13 (79%) Cache: 2.6s/154KB
A: 00:00:10 / 00:00:13 (79%) Cache: 2.6s/153KB
A: 00:00:10 / 00:00:13 (80%) Cache: 2.5s/148KB
A: 00:00:10 / 00:00:13 (80%) Cache: 2.4s/145KB
A: 00:00:10 / 00:00:13 (81%) Cache: 2.4s/140KB
A: 00:00:10 / 00:00:13 (81%) Cache: 2.3s/139KB
A: 00:00:10 / 00:00:13 (82%) Cache: 2.2s/134KB
A: 00:00:11 / 00:00:13 (82%) Cache: 2.2s/131KB
A: 00:00:11 / 00:00:13 (83%) Cache: 2.1s/126KB
A: 00:00:11 / 00:00:13 (83%) Cache: 2.1s/123KB
A: 00:00:11 / 00:00:13 (83%) Cache: 2.0s/120KB
A: 00:00:11 / 00:00:13 (84%) Cache: 2.0s/117KB
A: 00:00:11 / 00:00:13 (84%) Cache: 1.9s/112KB
A: 00:00:11 / 00:00:13 (85%) Cache: 1.8s/109KB
A: 00:00:11 / 00:00:13 (85%) Cache: 1.8s/106KB
A: 00:00:11 / 00:00:13 (86%) Cache: 1.7s/103KB
A: 00:00:11 / 00:00:13 (86%) Cache: 1.6s/98KB
A: 00:00:11 / 00:00:13 (84%) Cache: 2.0s/117KB
A: 00:00:11 / 00:00:13 (85%) Cache: 1.9s/114KB
A: 00:00:11 / 00:00:14 (81%) Cache: 2.6s/153KB
A: 00:00:11 / 00:00:14 (81%) Cache: 2.5s/148KB
A: 00:00:11 / 00:00:14 (80%) Cache: 2.7s/164KB
A: 00:00:11 / 00:00:15 (77%) Cache: 3.3s/198KB
A: 00:00:11 / 00:00:15 (77%) Cache: 3.3s/195KB
A: 00:00:12 / 00:00:15 (78%) Cache: 3.2s/190KB
A: 00:00:12 / 00:00:15 (78%) Cache: 3.1s/187KB
A: 00:00:12 / 00:00:15 (79%) Cache: 3.1s/182KB
A: 00:00:12 / 00:00:15 (79%) Cache: 3.0s/181KB
A: 00:00:12 / 00:00:15 (79%) Cache: 3.0s/176KB
A: 00:00:12 / 00:00:15 (80%) Cache: 2.9s/173KB
A: 00:00:12 / 00:00:15 (80%) Cache: 2.8s/168KB
A: 00:00:12 / 00:00:15 (81%) Cache: 2.7s/164KB
A: 00:00:12 / 00:00:15 (81%) Cache: 2.7s/162KB
A: 00:00:12 / 00:00:15 (81%) Cache: 2.6s/157KB
A: 00:00:12 / 00:00:15 (82%) Cache: 2.6s/156KB
A: 00:00:12 / 00:00:15 (82%) Cache: 2.5s/151KB
A: 00:00:12 / 00:00:15 (83%) Cache: 2.5s/148KB
A: 00:00:12 / 00:00:15 (83%) Cache: 2.4s/143KB
A: 00:00:12 / 00:00:15 (83%) Cache: 2.4s/140KB
A: 00:00:12 / 00:00:15 (84%) Cache: 2.3s/137KB
A: 00:00:13 / 00:00:15 (84%) Cache: 2.2s/134KB
A: 00:00:13 / 00:00:15 (84%) Cache: 2.2s/129KB
A: 00:00:13 / 00:00:15 (85%) Cache: 2.1s/126KB
A: 00:00:13 / 00:00:15 (85%) Cache: 2.1s/123KB
A: 00:00:13 / 00:00:15 (86%) Cache: 2.0s/120KB
A: 00:00:13 / 00:00:15 (86%) Cache: 1.9s/115KB
A: 00:00:13 / 00:00:15 (86%) Cache: 1.9s/112KB
A: 00:00:13 / 00:00:15 (87%) Cache: 1.8s/109KB
A: 00:00:13 / 00:00:15 (87%) Cache: 1.8s/106KB
A: 00:00:13 / 00:00:15 (88%) Cache: 1.7s/101KB
A: 00:00:13 / 00:00:15 (88%) Cache: 1.6s/98KB
A: 00:00:13 / 00:00:15 (88%) Cache: 1.6s/95KB
A: 00:00:13 / 00:00:15 (89%) Cache: 1.5s/92KB
A: 00:00:13 / 00:00:15 (87%) Cache: 1.8s/109KB
A: 00:00:13 / 00:00:15 (87%) Cache: 1.8s/107KB
A: 00:00:13 / 00:00:16 (85%) Cache: 2.2s/129KB
A: 00:00:13 / 00:00:16 (84%) Cache: 2.4s/140KB
A: 00:00:14 / 00:00:16 (85%) Cache: 2.3s/135KB
A: 00:00:14 / 00:00:16 (85%) Cache: 2.2s/132KB
A: 00:00:14 / 00:00:16 (86%) Cache: 2.1s/128KB
A: 00:00:14 / 00:00:16 (86%) Cache: 2.1s/126KB
A: 00:00:14 / 00:00:16 (86%) Cache: 2.0s/121KB
A: 00:00:14 / 00:00:16 (87%) Cache: 2.0s/118KB
A: 00:00:14 / 00:00:16 (87%) Cache: 1.9s/114KB
A: 00:00:14 / 00:00:16 (87%) Cache: 1.9s/112KB
A: 00:00:14 / 00:00:16 (88%) Cache: 1.8s/107KB
A: 00:00:14 / 00:00:16 (88%) Cache: 1.8s/104KB
A: 00:00:14 / 00:00:16 (88%) Cache: 1.7s/100KB
A: 00:00:14 / 00:00:16 (89%) Cache: 1.6s/96KB
A: 00:00:14 / 00:00:16 (89%) Cache: 1.6s/93KB
A: 00:00:14 / 00:00:17 (86%) Cache: 2.1s/126KB
A: 00:00:14 / 00:00:17 (87%) Cache: 2.1s/125KB
A: 00:00:14 / 00:00:17 (85%) Cache: 2.4s/140KB
A: 00:00:14 / 00:00:17 (86%) Cache: 2.3s/139KB
A: 00:00:15 / 00:00:17 (86%) Cache: 2.2s/134KB
A: 00:00:15 / 00:00:17 (86%) Cache: 2.2s/131KB
A: 00:00:15 / 00:00:17 (87%) Cache: 2.1s/126KB
A: 00:00:15 / 00:00:17 (87%) Cache: 2.1s/123KB
A: 00:00:15 / 00:00:17 (87%) Cache: 2.0s/118KB
A: 00:00:15 / 00:00:17 (88%) Cache: 1.9s/115KB
A: 00:00:15 / 00:00:17 (88%) Cache: 1.9s/112KB
A: 00:00:15 / 00:00:17 (88%) Cache: 1.8s/109KB
A: 00:00:15 / 00:00:17 (89%) Cache: 1.8s/104KB
A: 00:00:15 / 00:00:17 (89%) Cache: 1.7s/101KB
A: 00:00:15 / 00:00:17 (89%) Cache: 1.6s/96KB
A: 00:00:15 / 00:00:17 (90%) Cache: 1.6s/95KB
A: 00:00:15 / 00:00:18 (86%) Cache: 2.4s/142KB
A: 00:00:15 / 00:00:18 (86%) Cache: 2.4s/140KB
A: 00:00:15 / 00:00:18 (86%) Cache: 2.4s/145KB
A: 00:00:15 / 00:00:18 (86%) Cache: 2.4s/143KB
A: 00:00:15 / 00:00:18 (86%) Cache: 2.3s/139KB
A: 00:00:16 / 00:00:18 (87%) Cache: 2.3s/135KB
A: 00:00:16 / 00:00:18 (87%) Cache: 2.2s/131KB
A: 00:00:16 / 00:00:18 (87%) Cache: 2.2s/129KB
A: 00:00:16 / 00:00:18 (87%) Cache: 2.1s/125KB
A: 00:00:16 / 00:00:18 (88%) Cache: 2.0s/121KB
A: 00:00:16 / 00:00:18 (88%) Cache: 2.0s/118KB
A: 00:00:16 / 00:00:18 (88%) Cache: 1.9s/115KB
A: 00:00:16 / 00:00:18 (89%) Cache: 1.9s/112KB
A: 00:00:16 / 00:00:18 (89%) Cache: 1.8s/109KB
A: 00:00:16 / 00:00:18 (89%) Cache: 1.8s/104KB
A: 00:00:16 / 00:00:18 (90%) Cache: 1.7s/101KB
A: 00:00:16 / 00:00:18 (89%) Cache: 1.8s/107KB
A: 00:00:16 / 00:00:19 (86%) Cache: 2.5s/151KB
A: 00:00:16 / 00:00:19 (86%) Cache: 2.5s/148KB
A: 00:00:16 / 00:00:19 (86%) Cache: 2.5s/150KB
A: 00:00:16 / 00:00:19 (86%) Cache: 2.5s/146KB
A: 00:00:16 / 00:00:19 (87%) Cache: 2.4s/143KB
A: 00:00:17 / 00:00:19 (87%) Cache: 2.3s/139KB
A: 00:00:17 / 00:00:19 (87%) Cache: 2.3s/135KB
A: 00:00:17 / 00:00:19 (88%) Cache: 2.2s/131KB
A: 00:00:17 / 00:00:19 (88%) Cache: 2.2s/129KB
A: 00:00:17 / 00:00:19 (88%) Cache: 2.1s/125KB
A: 00:00:17 / 00:00:19 (88%) Cache: 2.0s/121KB
A: 00:00:17 / 00:00:19 (89%) Cache: 2.0s/117KB
A: 00:00:17 / 00:00:19 (89%) Cache: 1.9s/115KB
A: 00:00:17 / 00:00:19 (89%) Cache: 1.9s/110KB
A: 00:00:17 / 00:00:19 (90%) Cache: 1.8s/107KB
A: 00:00:17 / 00:00:19 (90%) Cache: 1.7s/103KB
A: 00:00:17 / 00:00:19 (90%) Cache: 1.7s/101KB
A: 00:00:17 / 00:00:19 (91%) Cache: 1.6s/96KB
A: 00:00:17 / 00:00:19 (91%) Cache: 1.6s/93KB
A: 00:00:17 / 00:00:19 (91%) Cache: 1.5s/89KB
A: 00:00:17 / 00:00:20 (87%) Cache: 2.4s/143KB
A: 00:00:17 / 00:00:20 (87%) Cache: 2.4s/140KB
A: 00:00:18 / 00:00:20 (88%) Cache: 2.3s/139KB
A: 00:00:18 / 00:00:20 (88%) Cache: 2.3s/135KB
A: 00:00:18 / 00:00:20 (88%) Cache: 2.2s/132KB
A: 00:00:18 / 00:00:20 (88%) Cache: 2.2s/129KB
A: 00:00:18 / 00:00:20 (89%) Cache: 2.1s/126KB
A: 00:00:18 / 00:00:20 (89%) Cache: 2.0s/121KB
A: 00:00:18 / 00:00:20 (89%) Cache: 2.0s/118KB
A: 00:00:18 / 00:00:20 (89%) Cache: 1.9s/115KB
A: 00:00:18 / 00:00:20 (90%) Cache: 1.9s/112KB
A: 00:00:18 / 00:00:20 (90%) Cache: 1.8s/109KB
A: 00:00:18 / 00:00:20 (90%) Cache: 1.8s/106KB
A: 00:00:18 / 00:00:20 (91%) Cache: 1.7s/101KB
A: 00:00:18 / 00:00:20 (91%) Cache: 1.6s/98KB
A: 00:00:18 / 00:00:20 (91%) Cache: 1.6s/93KB
A: 00:00:18 / 00:00:21 (88%) Cache: 2.4s/143KB
A: 00:00:18 / 00:00:21 (88%) Cache: 2.5s/146KB
A: 00:00:18 / 00:00:21 (88%) Cache: 2.4s/143KB
A: 00:00:19 / 00:00:21 (88%) Cache: 2.4s/140KB
A: 00:00:19 / 00:00:21 (88%) Cache: 2.3s/135KB
A: 00:00:19 / 00:00:21 (89%) Cache: 2.2s/132KB
A: 00:00:19 / 00:00:21 (89%) Cache: 2.1s/128KB
A: 00:00:19 / 00:00:21 (89%) Cache: 2.1s/125KB
A: 00:00:19 / 00:00:21 (90%) Cache: 2.0s/120KB
A: 00:00:19 / 00:00:21 (90%) Cache: 2.0s/118KB
A: 00:00:19 / 00:00:21 (89%) Cache: 2.2s/131KB
A: 00:00:19 / 00:00:22 (86%) Cache: 2.9s/173KB
A: 00:00:19 / 00:00:22 (87%) Cache: 2.8s/168KB
A: 00:00:19 / 00:00:22 (87%) Cache: 2.8s/165KB
A: 00:00:19 / 00:00:22 (87%) Cache: 2.7s/162KB
A: 00:00:19 / 00:00:22 (87%) Cache: 2.7s/159KB
A: 00:00:19 / 00:00:22 (88%) Cache: 2.6s/154KB
A: 00:00:19 / 00:00:22 (88%) Cache: 2.5s/151KB
A: 00:00:19 / 00:00:22 (88%) Cache: 2.5s/148KB
A: 00:00:20 / 00:00:22 (88%) Cache: 2.4s/145KB
A: 00:00:20 / 00:00:22 (89%) Cache: 2.4s/140KB
A: 00:00:20 / 00:00:22 (89%) Cache: 2.3s/137KB
A: 00:00:20 / 00:00:22 (89%) Cache: 2.2s/134KB
A: 00:00:20 / 00:00:22 (89%) Cache: 2.2s/131KB
A: 00:00:20 / 00:00:22 (90%) Cache: 2.1s/126KB
A: 00:00:20 / 00:00:22 (90%) Cache: 2.1s/123KB
A: 00:00:20 / 00:00:23 (87%) Cache: 3.0s/176KB
A: 00:00:20 / 00:00:23 (87%) Cache: 2.9s/173KB
A: 00:00:20 / 00:00:23 (87%) Cache: 2.8s/170KB
A: 00:00:20 / 00:00:23 (87%) Cache: 2.8s/165KB
A: 00:00:20 / 00:00:23 (87%) Cache: 2.7s/164KB
A: 00:00:20 / 00:00:23 (88%) Cache: 2.7s/159KB
A: 00:00:20 / 00:00:23 (88%) Cache: 2.6s/156KB
A: 00:00:20 / 00:00:23 (88%) Cache: 2.5s/151KB
A: 00:00:20 / 00:00:23 (88%) Cache: 2.5s/150KB
A: 00:00:20 / 00:00:23 (89%) Cache: 2.5s/146KB
A: 00:00:21 / 00:00:23 (89%) Cache: 2.4s/145KB
A: 00:00:21 / 00:00:23 (89%) Cache: 2.4s/140KB
A: 00:00:21 / 00:00:23 (89%) Cache: 2.3s/137KB
A: 00:00:21 / 00:00:23 (90%) Cache: 2.2s/134KB
A: 00:00:21 / 00:00:23 (90%) Cache: 2.2s/131KB
A: 00:00:21 / 00:00:23 (90%) Cache: 2.1s/126KB
A: 00:00:21 / 00:00:23 (90%) Cache: 2.1s/123KB
A: 00:00:21 / 00:00:24 (87%) Cache: 3.0s/181KB
A: 00:00:21 / 00:00:24 (87%) Cache: 3.0s/178KB
A: 00:00:21 / 00:00:24 (87%) Cache: 2.9s/173KB
A: 00:00:21 / 00:00:24 (88%) Cache: 2.8s/170KB
A: 00:00:21 / 00:00:24 (88%) Cache: 2.8s/167KB
A: 00:00:21 / 00:00:24 (88%) Cache: 2.7s/164KB
A: 00:00:21 / 00:00:24 (88%) Cache: 2.7s/159KB
A: 00:00:21 / 00:00:24 (88%) Cache: 2.6s/156KB
A: 00:00:21 / 00:00:24 (89%) Cache: 2.6s/153KB
A: 00:00:21 / 00:00:24 (89%) Cache: 2.5s/150KB
A: 00:00:22 / 00:00:24 (89%) Cache: 2.4s/145KB
A: 00:00:22 / 00:00:24 (89%) Cache: 2.4s/142KB
A: 00:00:22 / 00:00:24 (90%) Cache: 2.3s/137KB
A: 00:00:22 / 00:00:24 (90%) Cache: 2.3s/135KB
A: 00:00:22 / 00:00:24 (90%) Cache: 2.2s/131KB
A: 00:00:22 / 00:00:24 (90%) Cache: 2.1s/128KB
A: 00:00:22 / 00:00:25 (87%) Cache: 3.1s/182KB
A: 00:00:22 / 00:00:25 (87%) Cache: 3.0s/181KB
A: 00:00:22 / 00:00:25 (88%) Cache: 3.0s/176KB
A: 00:00:22 / 00:00:25 (88%) Cache: 2.9s/173KB
A: 00:00:22 / 00:00:25 (88%) Cache: 2.8s/168KB
A: 00:00:22 / 00:00:25 (88%) Cache: 2.8s/167KB
A: 00:00:22 / 00:00:25 (89%) Cache: 2.7s/162KB
A: 00:00:22 / 00:00:25 (89%) Cache: 2.7s/159KB
A: 00:00:22 / 00:00:25 (89%) Cache: 2.6s/154KB
A: 00:00:22 / 00:00:25 (89%) Cache: 2.6s/153KB
A: 00:00:22 / 00:00:25 (89%) Cache: 2.5s/150KB
A: 00:00:23 / 00:00:25 (90%) Cache: 2.5s/148KB
A: 00:00:23 / 00:00:25 (90%) Cache: 2.4s/143KB
A: 00:00:23 / 00:00:25 (90%) Cache: 2.4s/140KB
A: 00:00:23 / 00:00:25 (90%) Cache: 2.3s/137KB
A: 00:00:23 / 00:00:25 (90%) Cache: 2.2s/134KB
A: 00:00:23 / 00:00:25 (90%) Cache: 2.4s/140KB
A: 00:00:23 / 00:00:26 (90%) Cache: 2.4s/143KB
A: 00:00:23 / 00:00:26 (88%) Cache: 3.1s/184KB
A: 00:00:23 / 00:00:26 (88%) Cache: 3.0s/181KB
A: 00:00:23 / 00:00:26 (88%) Cache: 3.0s/176KB
A: 00:00:23 / 00:00:26 (88%) Cache: 2.9s/173KB
A: 00:00:23 / 00:00:26 (88%) Cache: 2.8s/170KB
A: 00:00:23 / 00:00:26 (89%) Cache: 2.8s/167KB
A: 00:00:23 / 00:00:26 (89%) Cache: 2.7s/162KB
A: 00:00:23 / 00:00:26 (89%) Cache: 2.7s/159KB
A: 00:00:23 / 00:00:26 (89%) Cache: 2.6s/154KB
A: 00:00:23 / 00:00:26 (90%) Cache: 2.6s/153KB
A: 00:00:24 / 00:00:26 (90%) Cache: 2.5s/148KB
A: 00:00:24 / 00:00:26 (90%) Cache: 2.4s/145KB
A: 00:00:24 / 00:00:26 (90%) Cache: 2.4s/140KB
A: 00:00:24 / 00:00:26 (90%) Cache: 2.3s/139KB
A: 00:00:24 / 00:00:26 (91%) Cache: 2.2s/134KB
A: 00:00:24 / 00:00:26 (91%) Cache: 2.2s/131KB
A: 00:00:24 / 00:00:27 (88%) Cache: 2.9s/175KB
A: 00:00:24 / 00:00:27 (88%) Cache: 3.1s/185KB
A: 00:00:24 / 00:00:27 (88%) Cache: 3.0s/181KB
A: 00:00:24 / 00:00:27 (88%) Cache: 3.0s/178KB
A: 00:00:24 / 00:00:27 (89%) Cache: 2.9s/173KB
A: 00:00:24 / 00:00:27 (89%) Cache: 2.9s/171KB
A: 00:00:24 / 00:00:27 (89%) Cache: 2.8s/167KB
A: 00:00:24 / 00:00:27 (89%) Cache: 2.7s/162KB
A: 00:00:24 / 00:00:27 (90%) Cache: 2.7s/159KB
A: 00:00:24 / 00:00:27 (90%) Cache: 2.6s/156KB
A: 00:00:24 / 00:00:27 (90%) Cache: 2.6s/153KB
A: 00:00:25 / 00:00:27 (90%) Cache: 2.5s/148KB
A: 00:00:25 / 00:00:27 (90%) Cache: 2.4s/145KB
A: 00:00:25 / 00:00:27 (91%) Cache: 2.4s/140KB
A: 00:00:25 / 00:00:27 (91%) Cache: 2.3s/137KB
A: 00:00:25 / 00:00:27 (91%) Cache: 2.2s/132KB
A: 00:00:25 / 00:00:27 (91%) Cache: 2.2s/129KB
A: 00:00:25 / 00:00:27 (92%) Cache: 2.1s/126KB
A: 00:00:25 / 00:00:27 (92%) Cache: 2.1s/123KB
A: 00:00:25 / 00:00:27 (92%) Cache: 2.0s/118KB
A: 00:00:25 / 00:00:28 (91%) Cache: 2.4s/145KB
A: 00:00:25 / 00:00:28 (91%) Cache: 2.4s/142KB
A: 00:00:25 / 00:00:28 (90%) Cache: 2.6s/156KB
A: 00:00:25 / 00:00:28 (90%) Cache: 2.8s/165KB
A: 00:00:25 / 00:00:28 (90%) Cache: 2.7s/164KB
A: 00:00:25 / 00:00:28 (90%) Cache: 2.7s/159KB
A: 00:00:25 / 00:00:28 (90%) Cache: 2.6s/157KB
A: 00:00:25 / 00:00:28 (90%) Cache: 2.6s/153KB
A: 00:00:26 / 00:00:28 (91%) Cache: 2.5s/150KB
A: 00:00:26 / 00:00:28 (91%) Cache: 2.4s/145KB
A: 00:00:26 / 00:00:28 (91%) Cache: 2.4s/142KB
A: 00:00:26 / 00:00:28 (91%) Cache: 2.3s/139KB
A: 00:00:26 / 00:00:28 (91%) Cache: 2.3s/137KB
A: 00:00:26 / 00:00:28 (91%) Cache: 2.2s/132KB
A: 00:00:26 / 00:00:28 (92%) Cache: 2.2s/129KB
A: 00:00:26 / 00:00:28 (92%) Cache: 2.1s/126KB
A: 00:00:26 / 00:00:28 (92%) Cache: 2.1s/123KB
A: 00:00:26 / 00:00:29 (90%) Cache: 2.7s/164KB
A: 00:00:26 / 00:00:29 (90%) Cache: 2.7s/162KB
A: 00:00:26 / 00:00:29 (89%) Cache: 2.9s/173KB
A: 00:00:26 / 00:00:29 (90%) Cache: 2.8s/170KB
A: 00:00:26 / 00:00:29 (90%) Cache: 2.8s/165KB
A: 00:00:26 / 00:00:29 (90%) Cache: 2.7s/162KB
A: 00:00:26 / 00:00:29 (90%) Cache: 2.7s/159KB
A: 00:00:26 / 00:00:29 (90%) Cache: 2.6s/156KB
A: 00:00:27 / 00:00:29 (91%) Cache: 2.5s/151KB
A: 00:00:27 / 00:00:29 (91%) Cache: 2.5s/148KB
A: 00:00:27 / 00:00:29 (91%) Cache: 2.4s/143KB
A: 00:00:27 / 00:00:29 (91%) Cache: 2.3s/139KB
A: 00:00:27 / 00:00:29 (92%) Cache: 2.3s/135KB
A: 00:00:27 / 00:00:29 (92%) Cache: 2.2s/131KB
A: 00:00:27 / 00:00:29 (92%) Cache: 2.2s/129KB
A: 00:00:27 / 00:00:29 (92%) Cache: 2.2s/131KB
A: 00:00:27 / 00:00:30 (89%) Cache: 3.0s/181KB
A: 00:00:27 / 00:00:30 (90%) Cache: 3.0s/178KB
A: 00:00:27 / 00:00:30 (90%) Cache: 2.9s/175KB
A: 00:00:27 / 00:00:30 (90%) Cache: 2.9s/171KB
A: 00:00:27 / 00:00:30 (90%) Cache: 2.8s/168KB
A: 00:00:27 / 00:00:30 (90%) Cache: 2.7s/164KB
A: 00:00:27 / 00:00:30 (91%) Cache: 2.7s/160KB
A: 00:00:27 / 00:00:30 (91%) Cache: 2.6s/157KB
A: 00:00:28 / 00:00:30 (91%) Cache: 2.6s/154KB
A: 00:00:28 / 00:00:30 (91%) Cache: 2.5s/151KB
A: 00:00:28 / 00:00:30 (91%) Cache: 2.5s/148KB
A: 00:00:28 / 00:00:30 (91%) Cache: 2.4s/145KB
A: 00:00:28 / 00:00:30 (92%) Cache: 2.4s/142KB
A: 00:00:28 / 00:00:30 (92%) Cache: 2.3s/137KB
A: 00:00:28 / 00:00:30 (92%) Cache: 2.2s/134KB
A: 00:00:28 / 00:00:30 (92%) Cache: 2.2s/131KB
A: 00:00:28 / 00:00:31 (91%) Cache: 2.4s/145KB
A: 00:00:28 / 00:00:31 (90%) Cache: 3.1s/184KB
A: 00:00:28 / 00:00:31 (90%) Cache: 3.1s/182KB
A: 00:00:28 / 00:00:31 (90%) Cache: 3.0s/178KB
A: 00:00:28 / 00:00:31 (90%) Cache: 2.9s/175KB
A: 00:00:28 / 00:00:31 (90%) Cache: 2.8s/170KB
A: 00:00:28 / 00:00:31 (91%) Cache: 2.8s/167KB
A: 00:00:28 / 00:00:31 (91%) Cache: 2.7s/162KB
A: 00:00:28 / 00:00:31 (91%) Cache: 2.7s/160KB
A: 00:00:29 / 00:00:31 (91%) Cache: 2.6s/156KB
A: 00:00:29 / 00:00:31 (91%) Cache: 2.6s/153KB
A: 00:00:29 / 00:00:31 (91%) Cache: 2.5s/148KB
A: 00:00:29 / 00:00:31 (92%) Cache: 2.5s/146KB
A: 00:00:29 / 00:00:31 (92%) Cache: 2.4s/142KB
A: 00:00:29 / 00:00:31 (92%) Cache: 2.3s/139KB
A: 00:00:29 / 00:00:31 (92%) Cache: 2.2s/134KB
A: 00:00:29 / 00:00:31 (92%) Cache: 2.2s/132KB
A: 00:00:29 / 00:00:32 (90%) Cache: 3.2s/189KB
A: 00:00:29 / 00:00:32 (90%) Cache: 3.1s/187KB
A: 00:00:29 / 00:00:32 (90%) Cache: 3.1s/182KB
A: 00:00:29 / 00:00:32 (90%) Cache: 3.0s/179KB
A: 00:00:29 / 00:00:32 (90%) Cache: 3.0s/176KB
A: 00:00:29 / 00:00:32 (91%) Cache: 2.9s/173KB
A: 00:00:29 / 00:00:32 (91%) Cache: 2.8s/168KB
A: 00:00:29 / 00:00:32 (91%) Cache: 2.8s/165KB
A: 00:00:29 / 00:00:32 (91%) Cache: 2.7s/162KB
A: 00:00:30 / 00:00:32 (91%) Cache: 2.7s/159KB
A: 00:00:30 / 00:00:32 (91%) Cache: 2.6s/154KB
A: 00:00:30 / 00:00:32 (92%) Cache: 2.5s/151KB
A: 00:00:30 / 00:00:32 (92%) Cache: 2.5s/148KB
A: 00:00:30 / 00:00:32 (92%) Cache: 2.4s/145KB
A: 00:00:30 / 00:00:32 (92%) Cache: 2.4s/140KB
A: 00:00:30 / 00:00:32 (92%) Cache: 2.3s/137KB
A: 00:00:30 / 00:00:33 (91%) Cache: 2.9s/171KB
A: 00:00:30 / 00:00:33 (90%) Cache: 3.2s/192KB
A: 00:00:30 / 00:00:33 (90%) Cache: 3.1s/187KB
A: 00:00:30 / 00:00:33 (90%) Cache: 3.1s/184KB
A: 00:00:30 / 00:00:33 (90%) Cache: 3.0s/179KB
A: 00:00:30 / 00:00:33 (91%) Cache: 3.0s/178KB
A: 00:00:30 / 00:00:33 (91%) Cache: 2.9s/173KB
A: 00:00:30 / 00:00:33 (91%) Cache: 2.8s/170KB
A: 00:00:30 / 00:00:33 (91%) Cache: 2.8s/165KB
A: 00:00:30 / 00:00:33 (91%) Cache: 2.7s/164KB
A: 00:00:30 / 00:00:33 (91%) Cache: 2.7s/160KB
A: 00:00:31 / 00:00:33 (92%) Cache: 2.7s/159KB
A: 00:00:31 / 00:00:33 (92%) Cache: 2.6s/154KB
A: 00:00:31 / 00:00:33 (92%) Cache: 2.5s/151KB
A: 00:00:31 / 00:00:33 (92%) Cache: 2.5s/148KB
A: 00:00:31 / 00:00:33 (92%) Cache: 2.4s/145KB
A: 00:00:31 / 00:00:33 (92%) Cache: 2.4s/140KB
A: 00:00:31 / 00:00:34 (90%) Cache: 3.1s/184KB
A: 00:00:31 / 00:00:34 (90%) Cache: 3.3s/195KB
A: 00:00:31 / 00:00:34 (90%) Cache: 3.2s/192KB
A: 00:00:31 / 00:00:34 (90%) Cache: 3.1s/187KB
A: 00:00:31 / 00:00:34 (91%) Cache: 3.1s/184KB
A: 00:00:31 / 00:00:34 (91%) Cache: 3.0s/181KB
A: 00:00:31 / 00:00:34 (91%) Cache: 3.0s/178KB
A: 00:00:31 / 00:00:34 (91%) Cache: 2.9s/173KB
A: 00:00:31 / 00:00:34 (91%) Cache: 2.8s/170KB
A: 00:00:31 / 00:00:34 (91%) Cache: 2.8s/165KB
A: 00:00:32 / 00:00:34 (92%) Cache: 2.7s/162KB
A: 00:00:32 / 00:00:34 (92%) Cache: 2.6s/157KB
A: 00:00:32 / 00:00:34 (92%) Cache: 2.6s/153KB
A: 00:00:32 / 00:00:34 (92%) Cache: 2.5s/150KB
A: 00:00:32 / 00:00:34 (92%) Cache: 2.4s/145KB
A: 00:00:32 / 00:00:34 (93%) Cache: 2.4s/142KB
A: 00:00:32 / 00:00:34 (93%) Cache: 2.3s/137KB
A: 00:00:32 / 00:00:34 (93%) Cache: 2.3s/135KB
A: 00:00:32 / 00:00:34 (93%) Cache: 2.2s/131KB
A: 00:00:32 / 00:00:34 (93%) Cache: 2.1s/128KB
A: 00:00:32 / 00:00:35 (92%) Cache: 2.6s/154KB
A: 00:00:32 / 00:00:35 (92%) Cache: 2.6s/153KB
A: 00:00:32 / 00:00:35 (91%) Cache: 3.0s/176KB
A: 00:00:32 / 00:00:35 (91%) Cache: 2.9s/175KB
A: 00:00:32 / 00:00:35 (91%) Cache: 2.8s/170KB
A: 00:00:32 / 00:00:35 (92%) Cache: 2.8s/167KB
A: 00:00:32 / 00:00:35 (92%) Cache: 2.7s/164KB
A: 00:00:33 / 00:00:35 (92%) Cache: 2.7s/160KB
A: 00:00:33 / 00:00:35 (92%) Cache: 2.6s/156KB
A: 00:00:33 / 00:00:35 (92%) Cache: 2.6s/153KB
A: 00:00:33 / 00:00:35 (92%) Cache: 2.5s/151KB
A: 00:00:33 / 00:00:35 (92%) Cache: 2.5s/148KB
A: 00:00:33 / 00:00:35 (93%) Cache: 2.4s/143KB
A: 00:00:33 / 00:00:35 (93%) Cache: 2.4s/140KB
A: 00:00:33 / 00:00:35 (93%) Cache: 2.3s/137KB
A: 00:00:33 / 00:00:35 (93%) Cache: 2.2s/134KB
A: 00:00:33 / 00:00:36 (91%) Cache: 2.9s/175KB
A: 00:00:33 / 00:00:36 (92%) Cache: 2.9s/173KB
A: 00:00:33 / 00:00:36 (91%) Cache: 3.1s/184KB
A: 00:00:33 / 00:00:36 (91%) Cache: 3.1s/182KB
A: 00:00:33 / 00:00:36 (91%) Cache: 3.0s/178KB
A: 00:00:33 / 00:00:36 (92%) Cache: 2.9s/175KB
A: 00:00:33 / 00:00:36 (92%) Cache: 2.8s/170KB
A: 00:00:33 / 00:00:36 (92%) Cache: 2.8s/168KB
A: 00:00:34 / 00:00:36 (92%) Cache: 2.7s/164KB
A: 00:00:34 / 00:00:36 (92%) Cache: 2.7s/160KB
A: 00:00:34 / 00:00:36 (92%) Cache: 2.6s/156KB
A: 00:00:34 / 00:00:36 (92%) Cache: 2.6s/154KB
A: 00:00:34 / 00:00:36 (93%) Cache: 2.5s/150KB
A: 00:00:34 / 00:00:36 (93%) Cache: 2.5s/146KB
A: 00:00:34 / 00:00:36 (93%) Cache: 2.4s/142KB
A: 00:00:34 / 00:00:36 (93%) Cache: 2.3s/139KB
A: 00:00:34 / 00:00:37 (92%) Cache: 2.8s/167KB
A: 00:00:34 / 00:00:38 (91%) Cache: 3.2s/192KB
A: 00:00:34 / 00:00:38 (91%) Cache: 3.2s/189KB
A: 00:00:34 / 00:00:38 (91%) Cache: 3.1s/185KB
A: 00:00:34 / 00:00:38 (91%) Cache: 3.1s/182KB
A: 00:00:34 / 00:00:38 (92%) Cache: 3.0s/179KB
A: 00:00:34 / 00:00:38 (92%) Cache: 2.9s/175KB
A: 00:00:34 / 00:00:38 (92%) Cache: 2.9s/171KB
A: 00:00:34 / 00:00:38 (92%) Cache: 2.8s/168KB
A: 00:00:35 / 00:00:38 (92%) Cache: 2.8s/165KB
A: 00:00:35 / 00:00:38 (92%) Cache: 2.7s/160KB
A: 00:00:35 / 00:00:38 (92%) Cache: 2.6s/157KB
A: 00:00:35 / 00:00:38 (93%) Cache: 2.6s/154KB
A: 00:00:35 / 00:00:38 (93%) Cache: 2.5s/151KB
A: 00:00:35 / 00:00:38 (93%) Cache: 2.5s/146KB
A: 00:00:35 / 00:00:38 (93%) Cache: 2.4s/143KB
A: 00:00:35 / 00:00:38 (92%) Cache: 3.1s/182KB
A: 00:00:35 / 00:00:39 (91%) Cache: 3.3s/195KB
A: 00:00:35 / 00:00:39 (91%) Cache: 3.2s/192KB
A: 00:00:35 / 00:00:39 (91%) Cache: 3.1s/187KB
A: 00:00:35 / 00:00:39 (91%) Cache: 3.1s/185KB
A: 00:00:35 / 00:00:39 (92%) Cache: 3.0s/181KB
A: 00:00:35 / 00:00:39 (92%) Cache: 3.0s/178KB
A: 00:00:35 / 00:00:39 (92%) Cache: 2.9s/173KB
A: 00:00:35 / 00:00:39 (92%) Cache: 2.9s/171KB
A: 00:00:36 / 00:00:39 (92%) Cache: 2.8s/168KB
A: 00:00:36 / 00:00:39 (92%) Cache: 2.8s/165KB
A: 00:00:36 / 00:00:39 (93%) Cache: 2.7s/160KB
A: 00:00:36 / 00:00:39 (93%) Cache: 2.6s/157KB
A: 00:00:36 / 00:00:39 (93%) Cache: 2.6s/154KB
A: 00:00:36 / 00:00:39 (93%) Cache: 2.5s/151KB
A: 00:00:36 / 00:00:39 (93%) Cache: 2.5s/146KB
A: 00:00:36 / 00:00:39 (93%) Cache: 2.4s/143KB
A: 00:00:36 / 00:00:39 (93%) Cache: 2.6s/154KB
A: 00:00:36 / 00:00:40 (91%) Cache: 3.3s/198KB
A: 00:00:36 / 00:00:40 (91%) Cache: 3.3s/195KB
A: 00:00:36 / 00:00:40 (91%) Cache: 3.2s/192KB
A: 00:00:36 / 00:00:40 (92%) Cache: 3.2s/189KB
A: 00:00:36 / 00:00:40 (92%) Cache: 3.1s/185KB
A: 00:00:36 / 00:00:40 (92%) Cache: 3.0s/181KB
A: 00:00:36 / 00:00:40 (92%) Cache: 3.0s/178KB
A: 00:00:36 / 00:00:40 (92%) Cache: 2.9s/173KB
A: 00:00:36 / 00:00:40 (92%) Cache: 2.9s/171KB
A: 00:00:37 / 00:00:40 (92%) Cache: 2.8s/167KB
A: 00:00:37 / 00:00:40 (93%) Cache: 2.7s/164KB
A: 00:00:37 / 00:00:40 (93%) Cache: 2.7s/159KB
A: 00:00:37 / 00:00:40 (93%) Cache: 2.6s/157KB
A: 00:00:37 / 00:00:40 (93%) Cache: 2.6s/153KB
A: 00:00:37 / 00:00:40 (93%) Cache: 2.5s/150KB
A: 00:00:37 / 00:00:40 (93%) Cache: 2.4s/145KB
A: 00:00:37 / 00:00:41 (91%) Cache: 3.4s/203KB
A: 00:00:37 / 00:00:41 (91%) Cache: 3.3s/198KB
A: 00:00:37 / 00:00:41 (92%) Cache: 3.3s/195KB
A: 00:00:37 / 00:00:41 (92%) Cache: 3.2s/190KB
A: 00:00:37 / 00:00:41 (92%) Cache: 3.2s/189KB
A: 00:00:37 / 00:00:41 (92%) Cache: 3.1s/184KB
A: 00:00:37 / 00:00:41 (92%) Cache: 3.0s/181KB
A: 00:00:37 / 00:00:41 (92%) Cache: 3.0s/176KB
A: 00:00:37 / 00:00:41 (92%) Cache: 2.9s/173KB
A: 00:00:37 / 00:00:41 (92%) Cache: 2.9s/171KB
A: 00:00:38 / 00:00:41 (93%) Cache: 2.8s/168KB
A: 00:00:38 / 00:00:41 (93%) Cache: 2.8s/165KB
A: 00:00:38 / 00:00:41 (93%) Cache: 2.7s/162KB
A: 00:00:38 / 00:00:41 (93%) Cache: 2.7s/159KB
A: 00:00:38 / 00:00:41 (93%) Cache: 2.6s/156KB
A: 00:00:38 / 00:00:41 (93%) Cache: 2.5s/151KB
A: 00:00:38 / 00:00:41 (93%) Cache: 2.5s/150KB
A: 00:00:38 / 00:00:42 (91%) Cache: 3.4s/206KB
A: 00:00:38 / 00:00:42 (91%) Cache: 3.4s/203KB
A: 00:00:38 / 00:00:42 (92%) Cache: 3.3s/198KB
A: 00:00:38 / 00:00:42 (92%) Cache: 3.3s/195KB
A: 00:00:38 / 00:00:42 (92%) Cache: 3.2s/190KB
A: 00:00:38 / 00:00:42 (92%) Cache: 3.2s/189KB
A: 00:00:38 / 00:00:42 (92%) Cache: 3.1s/184KB
A: 00:00:38 / 00:00:42 (92%) Cache: 3.0s/181KB
A: 00:00:38 / 00:00:42 (92%) Cache: 3.0s/176KB
A: 00:00:38 / 00:00:42 (93%) Cache: 2.9s/175KB
A: 00:00:39 / 00:00:42 (93%) Cache: 2.8s/170KB
A: 00:00:39 / 00:00:42 (93%) Cache: 2.8s/167KB
A: 00:00:39 / 00:00:42 (93%) Cache: 2.7s/162KB
A: 00:00:39 / 00:00:42 (93%) Cache: 2.7s/160KB
A: 00:00:39 / 00:00:42 (93%) Cache: 2.6s/156KB
A: 00:00:39 / 00:00:42 (93%) Cache: 2.6s/153KB
A: 00:00:39 / 00:00:42 (94%) Cache: 2.5s/148KB
A: 00:00:39 / 00:00:42 (94%) Cache: 2.5s/146KB
A: 00:00:39 / 00:00:42 (94%) Cache: 2.4s/142KB
A: 00:00:39 / 00:00:42 (94%) Cache: 2.3s/139KB
A: 00:00:39 / 00:00:43 (92%) Cache: 3.3s/195KB
A: 00:00:39 / 00:00:43 (92%) Cache: 3.2s/193KB
A: 00:00:39 / 00:00:43 (92%) Cache: 3.2s/189KB
A: 00:00:39 / 00:00:43 (92%) Cache: 3.1s/185KB
A: 00:00:39 / 00:00:43 (92%) Cache: 3.0s/181KB
A: 00:00:39 / 00:00:43 (93%) Cache: 3.0s/178KB
A: 00:00:39 / 00:00:43 (93%) Cache: 2.9s/175KB
A: 00:00:40 / 00:00:43 (93%) Cache: 2.9s/171KB
A: 00:00:40 / 00:00:43 (93%) Cache: 2.8s/167KB
A: 00:00:40 / 00:00:43 (93%) Cache: 2.7s/162KB
A: 00:00:40 / 00:00:43 (93%) Cache: 2.7s/159KB
A: 00:00:40 / 00:00:43 (93%) Cache: 2.6s/154KB
A: 00:00:40 / 00:00:43 (94%) Cache: 2.5s/151KB
A: 00:00:40 / 00:00:43 (94%) Cache: 2.5s/146KB
A: 00:00:40 / 00:00:43 (94%) Cache: 2.4s/145KB
A: 00:00:40 / 00:00:43 (94%) Cache: 2.4s/140KB
A: 00:00:40 / 00:00:44 (92%) Cache: 3.3s/198KB
A: 00:00:40 / 00:00:44 (92%) Cache: 3.3s/195KB
A: 00:00:40 / 00:00:44 (92%) Cache: 3.2s/192KB
A: 00:00:40 / 00:00:44 (92%) Cache: 3.1s/187KB
A: 00:00:40 / 00:00:44 (93%) Cache: 3.1s/184KB
A: 00:00:40 / 00:00:44 (93%) Cache: 3.0s/179KB
A: 00:00:40 / 00:00:44 (93%) Cache: 3.0s/178KB
A: 00:00:41 / 00:00:44 (93%) Cache: 2.9s/173KB
A: 00:00:41 / 00:00:44 (93%) Cache: 2.9s/171KB
A: 00:00:41 / 00:00:44 (93%) Cache: 2.8s/168KB
A: 00:00:41 / 00:00:44 (93%) Cache: 2.8s/165KB
A: 00:00:41 / 00:00:44 (93%) Cache: 2.7s/162KB
A: 00:00:41 / 00:00:44 (93%) Cache: 2.7s/159KB
A: 00:00:41 / 00:00:44 (94%) Cache: 2.6s/154KB
A: 00:00:41 / 00:00:44 (94%) Cache: 2.5s/151KB
A: 00:00:41 / 00:00:44 (94%) Cache: 2.5s/148KB
A: 00:00:41 / 00:00:45 (92%) Cache: 3.4s/201KB
A: 00:00:41 / 00:00:45 (92%) Cache: 3.3s/200KB
A: 00:00:41 / 00:00:45 (92%) Cache: 3.3s/195KB
A: 00:00:41 / 00:00:45 (92%) Cache: 3.2s/192KB
A: 00:00:41 / 00:00:45 (93%) Cache: 3.1s/187KB
A: 00:00:41 / 00:00:45 (93%) Cache: 3.1s/184KB
A: 00:00:41 / 00:00:45 (93%) Cache: 3.0s/179KB
A: 00:00:42 / 00:00:45 (93%) Cache: 3.0s/176KB
A: 00:00:42 / 00:00:45 (93%) Cache: 2.9s/171KB
A: 00:00:42 / 00:00:45 (93%) Cache: 2.8s/167KB
A: 00:00:42 / 00:00:45 (93%) Cache: 2.7s/164KB
A: 00:00:42 / 00:00:45 (94%) Cache: 2.7s/159KB
A: 00:00:42 / 00:00:45 (94%) Cache: 2.6s/156KB
A: 00:00:42 / 00:00:45 (94%) Cache: 2.5s/151KB
A: 00:00:42 / 00:00:45 (94%) Cache: 2.5s/150KB
A: 00:00:42 / 00:00:46 (92%) Cache: 3.4s/204KB
A: 00:00:42 / 00:00:46 (92%) Cache: 3.4s/203KB
A: 00:00:42 / 00:00:46 (92%) Cache: 3.3s/198KB
A: 00:00:42 / 00:00:46 (92%) Cache: 3.3s/195KB
A: 00:00:42 / 00:00:46 (93%) Cache: 3.2s/190KB
A: 00:00:42 / 00:00:46 (93%) Cache: 3.1s/187KB
A: 00:00:42 / 00:00:46 (93%) Cache: 3.1s/182KB
A: 00:00:42 / 00:00:46 (93%) Cache: 3.0s/181KB
A: 00:00:42 / 00:00:46 (93%) Cache: 3.0s/176KB
A: 00:00:43 / 00:00:46 (93%) Cache: 2.9s/175KB
A: 00:00:43 / 00:00:46 (93%) Cache: 2.9s/171KB
A: 00:00:43 / 00:00:46 (93%) Cache: 2.8s/168KB
A: 00:00:43 / 00:00:46 (94%) Cache: 2.8s/165KB
A: 00:00:43 / 00:00:46 (94%) Cache: 2.7s/162KB
A: 00:00:43 / 00:00:46 (94%) Cache: 2.6s/157KB
A: 00:00:43 / 00:00:46 (94%) Cache: 2.6s/154KB
A: 00:00:43 / 00:00:46 (93%) Cache: 3.0s/181KB
A: 00:00:43 / 00:00:47 (92%) Cache: 3.5s/209KB
A: 00:00:43 / 00:00:47 (92%) Cache: 3.4s/206KB
A: 00:00:43 / 00:00:47 (92%) Cache: 3.4s/203KB
A: 00:00:43 / 00:00:47 (92%) Cache: 3.3s/198KB
A: 00:00:43 / 00:00:47 (93%) Cache: 3.3s/195KB
A: 00:00:43 / 00:00:47 (93%) Cache: 3.2s/190KB
A: 00:00:43 / 00:00:47 (93%) Cache: 3.1s/187KB
A: 00:00:43 / 00:00:47 (93%) Cache: 3.1s/182KB
A: 00:00:43 / 00:00:47 (93%) Cache: 3.0s/181KB
A: 00:00:44 / 00:00:47 (93%) Cache: 3.0s/176KB
A: 00:00:44 / 00:00:47 (93%) Cache: 2.9s/173KB
A: 00:00:44 / 00:00:47 (93%) Cache: 2.8s/168KB
A: 00:00:44 / 00:00:47 (94%) Cache: 2.8s/167KB
A: 00:00:44 / 00:00:47 (94%) Cache: 2.7s/162KB
A: 00:00:44 / 00:00:47 (94%) Cache: 2.7s/159KB
A: 00:00:44 / 00:00:47 (94%) Cache: 2.6s/154KB
A: 00:00:44 / 00:00:48 (92%) Cache: 3.6s/214KB
A: 00:00:44 / 00:00:48 (92%) Cache: 3.5s/209KB
A: 00:00:44 / 00:00:48 (92%) Cache: 3.4s/206KB
A: 00:00:44 / 00:00:48 (93%) Cache: 3.4s/201KB
A: 00:00:44 / 00:00:48 (93%) Cache: 3.3s/198KB
A: 00:00:44 / 00:00:48 (93%) Cache: 3.2s/193KB
A: 00:00:44 / 00:00:48 (93%) Cache: 3.2s/189KB
A: 00:00:44 / 00:00:48 (93%) Cache: 3.1s/185KB
A: 00:00:44 / 00:00:48 (93%) Cache: 3.1s/182KB
A: 00:00:45 / 00:00:48 (93%) Cache: 3.0s/179KB
A: 00:00:45 / 00:00:48 (93%) Cache: 2.9s/175KB
A: 00:00:45 / 00:00:48 (94%) Cache: 2.9s/171KB
A: 00:00:45 / 00:00:48 (94%) Cache: 2.8s/168KB
A: 00:00:45 / 00:00:48 (94%) Cache: 2.8s/165KB
A: 00:00:45 / 00:00:48 (94%) Cache: 2.7s/160KB
A: 00:00:45 / 00:00:48 (94%) Cache: 2.6s/157KB
A: 00:00:45 / 00:00:48 (94%) Cache: 2.6s/153KB
A: 00:00:45 / 00:00:48 (94%) Cache: 2.5s/148KB
A: 00:00:45 / 00:00:48 (94%) Cache: 2.9s/173KB
A: 00:00:45 / 00:00:48 (94%) Cache: 2.8s/170KB
A: 00:00:45 / 00:00:48 (94%) Cache: 2.8s/168KB
A: 00:00:45 / 00:00:49 (93%) Cache: 3.3s/195KB
A: 00:00:45 / 00:00:49 (93%) Cache: 3.2s/192KB
A: 00:00:45 / 00:00:49 (93%) Cache: 3.1s/187KB
A: 00:00:45 / 00:00:49 (93%) Cache: 3.1s/185KB
A: 00:00:46 / 00:00:49 (93%) Cache: 3.0s/181KB
A: 00:00:46 / 00:00:49 (94%) Cache: 3.0s/178KB
A: 00:00:46 / 00:00:49 (94%) Cache: 2.9s/173KB
A: 00:00:46 / 00:00:49 (94%) Cache: 2.8s/170KB
A: 00:00:46 / 00:00:49 (94%) Cache: 2.8s/168KB
A: 00:00:46 / 00:00:49 (94%) Cache: 2.8s/165KB
A: 00:00:46 / 00:00:49 (94%) Cache: 2.7s/160KB
A: 00:00:46 / 00:00:49 (94%) Cache: 2.6s/157KB
A: 00:00:46 / 00:00:49 (94%) Cache: 2.6s/154KB
[cplayer] EOF code: 5  
A: 00:00:46 / 00:00:49 (94%) Cache: 2.6s/154KB
[cplayer] Set property: user-data/osc/margins={"b":0,"r":0,"t":0,"l":0} -> 1
A: 00:00:46 / 00:00:49 (94%) Cache: 2.6s/154KB
[cplayer] Forcefully terminating demuxers...
A: 00:00:46 / 00:00:49 (94%) Cache: 2.6s/154KB
[cplayer] finished playback, success (reason 3)
[cplayer] Running hook: ytdl_hook/on_after_end_file
Exiting... (Quit)
mpv process exited with code 4

===== mpv launch 2026-03-14 22:27:19 =====
station_id=difm:ambient
stream_url=http://prem1.di.fm:80/ambient_hi?ca64cdc02f76c2c2
command=mpv --no-video --force-window=no --msg-level=all=v --audio-device=auto --cache-secs=8.0 --idle=yes --no-video --force-window=no --volume=100 http://prem1.di.fm:80/ambient_hi?ca64cdc02f76c2c2
[cplayer] Command line options: '--no-video' '--force-window=no' '--msg-level=all=v' '--audio-device=auto' '--cache-secs=8.0' '--idle=yes' '--no-video' '--force-window=no' '--volume=100' 'http://prem1.di.fm:80/ambient_hi?ca64cdc02f76c2c2'
[cplayer] mpv v0.40.0 Copyright © 2000-2025 mpv/MPlayer/mplayer2 projects
[cplayer] libplacebo version: v7.349.0
[cplayer] FFmpeg version: 7.1.2-0+deb13u1 (runtime 7.1.3-0+deb13u1+rpt1)
[cplayer] FFmpeg library versions:
[cplayer]    libavcodec      61.19.101
[cplayer]    libavdevice     61.3.100
[cplayer]    libavfilter     10.4.100
[cplayer]    libavformat     61.7.100
[cplayer]    libavutil       59.39.100
[cplayer]    libswresample   5.3.100
[cplayer]    libswscale      8.3.100
[cplayer] Configuration: -Dpython.bytecompile=-1 -Dlibmpv=true -Dbuild-date=false -Dcdda=enabled -Ddvdnav=enabled -Dsdl2=enabled -Ddvbin=enabled -Dprefix=/usr -Dlibdir=lib/aarch64-linux-gnu -Dlocalstatedir=/var -Dsysconfdir=/etc -Dbuildtype=plain -Dwrap_mode=nodownload
[cplayer] List of enabled features: alsa caca cdda cplugins cuda-hwaccel cuda-interop dmabuf-interop-gl dmabuf-wayland drm dvbin dvdnav egl egl-drm egl-wayland egl-x11 ffmpeg ffnvcodec gbm gl glibc-thread-name glob glob-posix gpl iconv jack javascript jpeg lcms2 libarchive libass libavdevice libbluray libdl libplacebo linux-fstatfs lua52 memfd-create memrchr pipewire posix posix-shm ppoll pthread-condattr-setclock pulse rubberband rubberband-3 sdl2 sdl2-audio sdl2-gamepad sdl2-video sixel sndio sndio-1-9 uchardet vaapi vaapi-drm vaapi-wayland vaapi-x11 vdpau vector vk-khr-display vt.h vulkan wayland wayland-protocols-1-32 wayland-protocols-1-38 wayland-protocols-1-39 wayland-protocols-1-41 x11 xv zimg zimg-st428 zlib
[cplayer] Reading config file /etc/mpv/encoding-profiles.conf
[ifo_dvdnav] Opening /etc/mpv/encoding-profiles.conf
[bdmv/bluray] Opening /etc/mpv/encoding-profiles.conf
[file] Opening /etc/mpv/encoding-profiles.conf
[cplayer] Applying profile 'default'...
[cplayer] Setting option 'video' = 'no' (flags = 8)
[cplayer] Setting option 'force-window' = 'no' (flags = 8)
[cplayer] Setting option 'msg-level' = 'all=v' (flags = 8)
[cplayer] Setting option 'audio-device' = 'auto' (flags = 8)
[cplayer] Setting option 'cache-secs' = '8.0' (flags = 8)
[cplayer] Setting option 'idle' = 'yes' (flags = 8)
[cplayer] Setting option 'video' = 'no' (flags = 8)
[cplayer] Setting option 'force-window' = 'no' (flags = 8)
[cplayer] Setting option 'volume' = '100' (flags = 8)
[clipboard] Initialized vo clipboard backend.
[cplayer] Waiting for scripts...
[cplayer] Set property: user-data/osc/visibility="auto" -> 1
[cplayer] Set property: user-data/osc/margins={"l":0,"b":0,"r":0,"t":0} -> 1
[cplayer] Done loading scripts.
[cplayer] Running hook: auto_profiles/on_before_start_file
[cplayer] Failed sending hook command auto_profiles/on_before_start_file. Removing hook.
[cplayer] Running hook: auto_profiles/on_load
[cplayer] Failed sending hook command auto_profiles/on_load. Removing hook.
[cplayer] Running hook: ytdl_hook/on_load
[cplayer] Running hook: ytdl_hook/on_load
[ytdl_hook] playlist hook
[stream_callback] Opening http://prem1.di.fm:80/ambient_hi?ca64cdc02f76c2c2
[ffmpeg] Opening http://prem1.di.fm:80/ambient_hi?ca64cdc02f76c2c2
[cplayer] Set property: user-data/osc/margins={"l":0,"b":0,"r":0,"t":0} -> 1
[cplayer] Set property: user-data/osc/margins={"l":0,"b":0,"r":0,"t":0} -> 1
[osd/libass] libass API version: 0x1703000
[osd/libass] libass source: tarball: 0.17.3
[osd/libass] Shaper: FriBidi 1.0.15 (SIMPLE) HarfBuzz-ng 10.2.0 (COMPLEX)
[osd/libass] Setting up fonts...
[osd/libass] Using font provider fontconfig
[osd/libass] Done.
[ffmpeg] Could not set AVOption tls_verify='0'
[ffmpeg] Mime-type: 'audio/mpeg'
[demux] Trying demuxers for level=normal.
[lavf] Found 'mp3' at score=1 size=2048.
[lavf] Found 'mp3' at score=25 size=4096.
[lavf] avformat_find_stream_info() finished after 25637 bytes.
[demux] Detected file format: mp3 (libavformat)
[demux] Stream is not seekable.
[cplayer] Opening done: http://prem1.di.fm:80/ambient_hi?ca64cdc02f76c2c2
[cplayer] Running hook: auto_profiles/on_preloaded
[cplayer] Failed sending hook command auto_profiles/on_preloaded. Removing hook.
[cplayer] Running hook: ytdl_hook/on_preloaded
[lavf] select track 0
[lavf] refresh track 0 (audio)
● Audio  --aid=1  (mp3 2ch 44100 Hz 320 kbps)
File tags:
 icy-title: Simon Wilkinson - A Softer Indication
[ad] Codec list:
[ad]     mp3float (mp3) - MP3 (MPEG audio layer 3)
[ad]     mp3 - MP3 (MPEG audio layer 3)
[ad] Opening decoder mp3float
[ad] Requesting 1 threads for decoding.
[ad] Selected decoder: mp3float - MP3 (MPEG audio layer 3)
[af] User filter list:
[af]   (empty)
[cplayer] Starting playback...
[af] [in] 44100Hz stereo 2ch floatp
[af] [userspeed] 44100Hz stereo 2ch floatp
[af] [userspeed] (disabled)
[af] [convert] 44100Hz stereo 2ch floatp
[ao] Trying audio driver 'pipewire'
[ao/pipewire] requested format: 44100 Hz, stereo channels, floatp
[ao/pipewire] Headers version: 1.4.2
[ao/pipewire] Library version: 1.4.2
[ao/pipewire] Core user: egorkkk
[ao/pipewire] Core host: pi3
[ao/pipewire] Core version: 1.4.2
[ao/pipewire] Core name: pipewire-0
[ao/pipewire] using soft-buffer of 8820 samples.
AO: [pipewire] 44100Hz stereo 2ch floatp
[cplayer] AO: Description: PipeWire audio output
[af] [convert] (disabled)
[af] [out] 44100Hz stereo 2ch floatp
[cplayer] Set property: user-data/osc/margins={"l":0,"b":0,"r":0,"t":0} -> 1
[cplayer] EOF code: 5  
[cplayer] Set property: user-data/osc/margins={"l":0,"b":0,"r":0,"t":0} -> 1
[cplayer] finished playback, success (reason 3)
[cplayer] Running hook: ytdl_hook/on_after_end_file
Exiting... (Quit)
mpv process exited with code 4

===== mpv launch 2026-03-14 22:27:21 =====
station_id=difm:electronicpioneers
stream_url=http://prem1.di.fm:80/electronicpioneers_hi?ca64cdc02f76c2c2
command=mpv --no-video --force-window=no --msg-level=all=v --audio-device=auto --cache-secs=8.0 --idle=yes --no-video --force-window=no --volume=100 http://prem1.di.fm:80/electronicpioneers_hi?ca64cdc02f76c2c2
mpv process exited with code -15

===== mpv launch 2026-03-14 22:27:22 =====
station_id=difm:00sclubhits
stream_url=http://prem1.di.fm:80/00sclubhits_hi?ca64cdc02f76c2c2
command=mpv --no-video --force-window=no --msg-level=all=v --audio-device=auto --cache-secs=8.0 --idle=yes --no-video --force-window=no --volume=100 http://prem1.di.fm:80/00sclubhits_hi?ca64cdc02f76c2c2
mpv process exited with code -15

===== mpv launch 2026-03-14 22:27:22 =====
station_id=difm:bigroomhouse
stream_url=http://prem4.di.fm:80/bigroomhouse_hi?ca64cdc02f76c2c2
command=mpv --no-video --force-window=no --msg-level=all=v --audio-device=auto --cache-secs=8.0 --idle=yes --no-video --force-window=no --volume=100 http://prem4.di.fm:80/bigroomhouse_hi?ca64cdc02f76c2c2
[cplayer] Command line options: '--no-video' '--force-window=no' '--msg-level=all=v' '--audio-device=auto' '--cache-secs=8.0' '--idle=yes' '--no-video' '--force-window=no' '--volume=100' 'http://prem4.di.fm:80/bigroomhouse_hi?ca64cdc02f76c2c2'
[cplayer] mpv v0.40.0 Copyright © 2000-2025 mpv/MPlayer/mplayer2 projects
[cplayer] libplacebo version: v7.349.0
[cplayer] FFmpeg version: 7.1.2-0+deb13u1 (runtime 7.1.3-0+deb13u1+rpt1)
[cplayer] FFmpeg library versions:
[cplayer]    libavcodec      61.19.101
[cplayer]    libavdevice     61.3.100
[cplayer]    libavfilter     10.4.100
[cplayer]    libavformat     61.7.100
[cplayer]    libavutil       59.39.100
[cplayer]    libswresample   5.3.100
[cplayer]    libswscale      8.3.100
[cplayer] Configuration: -Dpython.bytecompile=-1 -Dlibmpv=true -Dbuild-date=false -Dcdda=enabled -Ddvdnav=enabled -Dsdl2=enabled -Ddvbin=enabled -Dprefix=/usr -Dlibdir=lib/aarch64-linux-gnu -Dlocalstatedir=/var -Dsysconfdir=/etc -Dbuildtype=plain -Dwrap_mode=nodownload
[cplayer] List of enabled features: alsa caca cdda cplugins cuda-hwaccel cuda-interop dmabuf-interop-gl dmabuf-wayland drm dvbin dvdnav egl egl-drm egl-wayland egl-x11 ffmpeg ffnvcodec gbm gl glibc-thread-name glob glob-posix gpl iconv jack javascript jpeg lcms2 libarchive libass libavdevice libbluray libdl libplacebo linux-fstatfs lua52 memfd-create memrchr pipewire posix posix-shm ppoll pthread-condattr-setclock pulse rubberband rubberband-3 sdl2 sdl2-audio sdl2-gamepad sdl2-video sixel sndio sndio-1-9 uchardet vaapi vaapi-drm vaapi-wayland vaapi-x11 vdpau vector vk-khr-display vt.h vulkan wayland wayland-protocols-1-32 wayland-protocols-1-38 wayland-protocols-1-39 wayland-protocols-1-41 x11 xv zimg zimg-st428 zlib
[cplayer] Reading config file /etc/mpv/encoding-profiles.conf
[ifo_dvdnav] Opening /etc/mpv/encoding-profiles.conf
[bdmv/bluray] Opening /etc/mpv/encoding-profiles.conf
[file] Opening /etc/mpv/encoding-profiles.conf
[cplayer] Applying profile 'default'...
[cplayer] Setting option 'video' = 'no' (flags = 8)
[cplayer] Setting option 'force-window' = 'no' (flags = 8)
[cplayer] Setting option 'msg-level' = 'all=v' (flags = 8)
[cplayer] Setting option 'audio-device' = 'auto' (flags = 8)
[cplayer] Setting option 'cache-secs' = '8.0' (flags = 8)
[cplayer] Setting option 'idle' = 'yes' (flags = 8)
[cplayer] Setting option 'video' = 'no' (flags = 8)
[cplayer] Setting option 'force-window' = 'no' (flags = 8)
[cplayer] Setting option 'volume' = '100' (flags = 8)
[clipboard] Initialized vo clipboard backend.
[cplayer] Waiting for scripts...
[cplayer] Set property: user-data/osc/visibility="auto" -> 1
[cplayer] Set property: user-data/osc/margins={"b":0,"r":0,"t":0,"l":0} -> 1
[cplayer] Done loading scripts.
[cplayer] Running hook: auto_profiles/on_before_start_file
[cplayer] Failed sending hook command auto_profiles/on_before_start_file. Removing hook.
[cplayer] Running hook: auto_profiles/on_load
[cplayer] Failed sending hook command auto_profiles/on_load. Removing hook.
[cplayer] Running hook: ytdl_hook/on_load
[cplayer] Running hook: ytdl_hook/on_load
[ytdl_hook] playlist hook
[stream_callback] Opening http://prem4.di.fm:80/bigroomhouse_hi?ca64cdc02f76c2c2
[ffmpeg] Opening http://prem4.di.fm:80/bigroomhouse_hi?ca64cdc02f76c2c2
[cplayer] Set property: user-data/osc/margins={"b":0,"r":0,"t":0,"l":0} -> 1
[cplayer] Set property: user-data/osc/margins={"b":0,"r":0,"t":0,"l":0} -> 1
[osd/libass] libass API version: 0x1703000
[osd/libass] libass source: tarball: 0.17.3
[osd/libass] Shaper: FriBidi 1.0.15 (SIMPLE) HarfBuzz-ng 10.2.0 (COMPLEX)
[osd/libass] Setting up fonts...
[osd/libass] Using font provider fontconfig
[osd/libass] Done.
[ffmpeg] Could not set AVOption tls_verify='0'
[ffmpeg] Mime-type: 'audio/mpeg'
[demux] Trying demuxers for level=normal.
[lavf] Found 'mp3' at score=1 size=2048.
[lavf] Found 'mp3' at score=25 size=4096.
[lavf] avformat_find_stream_info() finished after 25591 bytes.
[demux] Detected file format: mp3 (libavformat)
[demux] Stream is not seekable.
[cplayer] Opening done: http://prem4.di.fm:80/bigroomhouse_hi?ca64cdc02f76c2c2
[cplayer] Running hook: auto_profiles/on_preloaded
[cplayer] Failed sending hook command auto_profiles/on_preloaded. Removing hook.
[cplayer] Running hook: ytdl_hook/on_preloaded
[lavf] select track 0
[lavf] refresh track 0 (audio)
● Audio  --aid=1  (mp3 2ch 44100 Hz 320 kbps)
File tags:
 icy-title: Chuckie & Exodus Feat. Matthew Steeper - Perfect Sky (Extended Mix)
[ad] Codec list:
[ad]     mp3float (mp3) - MP3 (MPEG audio layer 3)
[ad]     mp3 - MP3 (MPEG audio layer 3)
[ad] Opening decoder mp3float
[ad] Requesting 1 threads for decoding.
[ad] Selected decoder: mp3float - MP3 (MPEG audio layer 3)
[af] User filter list:
[af]   (empty)
[cplayer] Starting playback...
[af] [in] 44100Hz stereo 2ch floatp
[af] [userspeed] 44100Hz stereo 2ch floatp
[af] [userspeed] (disabled)
[af] [convert] 44100Hz stereo 2ch floatp
[cplayer] Set property: user-data/osc/margins={"b":0,"r":0,"t":0,"l":0} -> 1
[ao] Trying audio driver 'pipewire'
[ao/pipewire] requested format: 44100 Hz, stereo channels, floatp
[ao/pipewire] Headers version: 1.4.2
[ao/pipewire] Library version: 1.4.2
[ao/pipewire] Core user: egorkkk
[ao/pipewire] Core host: pi3
[ao/pipewire] Core version: 1.4.2
[ao/pipewire] Core name: pipewire-0
[ao/pipewire] using soft-buffer of 8820 samples.
AO: [pipewire] 44100Hz stereo 2ch floatp
[cplayer] AO: Description: PipeWire audio output
[af] [convert] (disabled)
[af] [out] 44100Hz stereo 2ch floatp
[cplayer] audio ready
[cplayer] starting audio playback
[cplayer] playback restart complete @ 0.000000, audio=playing, video=eof
[cplayer] Set property: user-data/osc/margins={"b":0,"r":0,"t":0,"l":0} -> 1
A: 00:00:00 / 00:00:01 (0%) Cache: 0.8s/48KB
A: 00:00:00 / 00:00:02 (0%) Cache: 2.0s/121KB
A: 00:00:00 / 00:00:02 (2%) Cache: 2.0s/118KB
A: 00:00:00 / 00:00:02 (5%) Cache: 1.9s/115KB
A: 00:00:00 / 00:00:04 (4%) Cache: 3.8s/229KB
A: 00:00:00 / 00:00:04 (5%) Cache: 3.8s/226KB
A: 00:00:00 / 00:00:04 (7%) Cache: 3.7s/221KB
A: 00:00:00 / 00:00:04 (8%) Cache: 3.7s/218KB
A: 00:00:00 / 00:00:04 (10%) Cache: 3.6s/214KB
A: 00:00:00 / 00:00:04 (11%) Cache: 3.6s/212KB
A: 00:00:00 / 00:00:04 (12%) Cache: 3.5s/207KB
A: 00:00:00 / 00:00:04 (14%) Cache: 3.4s/204KB
A: 00:00:00 / 00:00:04 (15%) Cache: 3.3s/200KB
A: 00:00:00 / 00:00:04 (16%) Cache: 3.3s/200KB
A: 00:00:00 / 00:00:04 (18%) Cache: 3.3s/195KB
A: 00:00:00 / 00:00:04 (19%) Cache: 3.2s/192KB
A: 00:00:00 / 00:00:04 (20%) Cache: 3.2s/192KB
A: 00:00:00 / 00:00:05 (18%) Cache: 4.1s/245KB
A: 00:00:00 / 00:00:05 (19%) Cache: 4.0s/240KB
A: 00:00:01 / 00:00:05 (20%) Cache: 4.0s/239KB
A: 00:00:01 / 00:00:05 (21%) Cache: 3.9s/234KB
A: 00:00:01 / 00:00:05 (22%) Cache: 3.9s/231KB
A: 00:00:01 / 00:00:05 (23%) Cache: 3.8s/228KB
A: 00:00:01 / 00:00:05 (24%) Cache: 3.8s/225KB
A: 00:00:01 / 00:00:05 (25%) Cache: 3.7s/220KB
A: 00:00:01 / 00:00:05 (26%) Cache: 3.6s/217KB
A: 00:00:01 / 00:00:05 (27%) Cache: 3.6s/215KB
A: 00:00:01 / 00:00:05 (29%) Cache: 3.6s/212KB
A: 00:00:01 / 00:00:05 (30%) Cache: 3.5s/207KB
A: 00:00:01 / 00:00:05 (31%) Cache: 3.4s/204KB
A: 00:00:01 / 00:00:05 (32%) Cache: 3.4s/201KB
A: 00:00:01 / 00:00:05 (33%) Cache: 3.3s/198KB
A: 00:00:01 / 00:00:05 (34%) Cache: 3.2s/193KB
A: 00:00:01 / 00:00:05 (34%) Cache: 3.4s/201KB
A: 00:00:01 / 00:00:05 (35%) Cache: 3.3s/198KB
A: 00:00:01 / 00:00:05 (33%) Cache: 3.7s/223KB
A: 00:00:02 / 00:00:06 (32%) Cache: 4.0s/242KB
A: 00:00:02 / 00:00:06 (33%) Cache: 4.0s/239KB
A: 00:00:02 / 00:00:06 (34%) Cache: 3.9s/234KB
A: 00:00:02 / 00:00:06 (35%) Cache: 3.9s/232KB
A: 00:00:02 / 00:00:06 (36%) Cache: 3.8s/228KB
A: 00:00:02 / 00:00:06 (37%) Cache: 3.8s/225KB
A: 00:00:02 / 00:00:06 (38%) Cache: 3.7s/220KB
A: 00:00:02 / 00:00:06 (38%) Cache: 3.7s/218KB
A: 00:00:02 / 00:00:06 (39%) Cache: 3.6s/214KB
A: 00:00:02 / 00:00:06 (40%) Cache: 3.5s/210KB
A: 00:00:02 / 00:00:06 (41%) Cache: 3.4s/206KB
A: 00:00:02 / 00:00:06 (42%) Cache: 3.4s/204KB
A: 00:00:02 / 00:00:06 (43%) Cache: 3.3s/200KB
A: 00:00:02 / 00:00:06 (44%) Cache: 3.3s/196KB
A: 00:00:02 / 00:00:06 (45%) Cache: 3.2s/192KB
A: 00:00:02 / 00:00:06 (46%) Cache: 3.2s/189KB
A: 00:00:02 / 00:00:07 (40%) Cache: 4.1s/246KB
A: 00:00:02 / 00:00:07 (41%) Cache: 4.1s/243KB
A: 00:00:03 / 00:00:07 (42%) Cache: 4.0s/240KB
A: 00:00:03 / 00:00:07 (43%) Cache: 4.0s/237KB
A: 00:00:03 / 00:00:07 (43%) Cache: 3.9s/234KB
A: 00:00:03 / 00:00:07 (44%) Cache: 3.9s/231KB
A: 00:00:03 / 00:00:07 (45%) Cache: 3.8s/226KB
A: 00:00:03 / 00:00:07 (46%) Cache: 3.7s/223KB
A: 00:00:03 / 00:00:07 (47%) Cache: 3.7s/220KB
A: 00:00:03 / 00:00:07 (47%) Cache: 3.6s/217KB
A: 00:00:03 / 00:00:07 (48%) Cache: 3.6s/212KB
A: 00:00:03 / 00:00:07 (49%) Cache: 3.5s/209KB
A: 00:00:03 / 00:00:07 (50%) Cache: 3.4s/204KB
A: 00:00:03 / 00:00:07 (51%) Cache: 3.4s/203KB
A: 00:00:03 / 00:00:07 (52%) Cache: 3.3s/198KB
A: 00:00:03 / 00:00:07 (52%) Cache: 3.3s/195KB
A: 00:00:03 / 00:00:07 (53%) Cache: 3.2s/190KB
A: 00:00:03 / 00:00:08 (47%) Cache: 4.2s/250KB
A: 00:00:04 / 00:00:08 (48%) Cache: 4.1s/245KB
A: 00:00:04 / 00:00:08 (49%) Cache: 4.0s/242KB
A: 00:00:04 / 00:00:08 (49%) Cache: 4.0s/237KB
A: 00:00:04 / 00:00:08 (50%) Cache: 3.9s/235KB
A: 00:00:04 / 00:00:08 (51%) Cache: 3.9s/231KB
A: 00:00:04 / 00:00:08 (52%) Cache: 3.8s/228KB
A: 00:00:04 / 00:00:08 (52%) Cache: 3.7s/223KB
A: 00:00:04 / 00:00:08 (53%) Cache: 3.7s/221KB
A: 00:00:04 / 00:00:08 (54%) Cache: 3.6s/217KB
A: 00:00:04 / 00:00:08 (54%) Cache: 3.6s/214KB
A: 00:00:04 / 00:00:08 (55%) Cache: 3.5s/209KB
A: 00:00:04 / 00:00:08 (56%) Cache: 3.4s/206KB
A: 00:00:04 / 00:00:08 (56%) Cache: 3.4s/203KB
A: 00:00:04 / 00:00:08 (57%) Cache: 3.3s/200KB
A: 00:00:04 / 00:00:08 (58%) Cache: 3.3s/195KB
[cplayer] EOF code: 5  
A: 00:00:04 / 00:00:08 (58%) Cache: 3.3s/195KB
[cplayer] Set property: user-data/osc/margins={"b":0,"r":0,"t":0,"l":0} -> 1
A: 00:00:04 / 00:00:08 (58%) Cache: 3.3s/195KB
[cplayer] finished playback, success (reason 3)
[cplayer] Running hook: ytdl_hook/on_after_end_file
Exiting... (Quit)
mpv process exited with code 4

===== mpv launch 2026-03-14 22:27:29 =====
station_id=difm:clubdubstep
stream_url=http://prem1.di.fm:80/clubdubstep_hi?ca64cdc02f76c2c2
command=mpv --no-video --force-window=no --msg-level=all=v --audio-device=auto --cache-secs=8.0 --idle=yes --no-video --force-window=no --volume=100 http://prem1.di.fm:80/clubdubstep_hi?ca64cdc02f76c2c2
[cplayer] Command line options: '--no-video' '--force-window=no' '--msg-level=all=v' '--audio-device=auto' '--cache-secs=8.0' '--idle=yes' '--no-video' '--force-window=no' '--volume=100' 'http://prem1.di.fm:80/clubdubstep_hi?ca64cdc02f76c2c2'
[cplayer] mpv v0.40.0 Copyright © 2000-2025 mpv/MPlayer/mplayer2 projects
[cplayer] libplacebo version: v7.349.0
[cplayer] FFmpeg version: 7.1.2-0+deb13u1 (runtime 7.1.3-0+deb13u1+rpt1)
[cplayer] FFmpeg library versions:
[cplayer]    libavcodec      61.19.101
[cplayer]    libavdevice     61.3.100
[cplayer]    libavfilter     10.4.100
[cplayer]    libavformat     61.7.100
[cplayer]    libavutil       59.39.100
[cplayer]    libswresample   5.3.100
[cplayer]    libswscale      8.3.100
[cplayer] Configuration: -Dpython.bytecompile=-1 -Dlibmpv=true -Dbuild-date=false -Dcdda=enabled -Ddvdnav=enabled -Dsdl2=enabled -Ddvbin=enabled -Dprefix=/usr -Dlibdir=lib/aarch64-linux-gnu -Dlocalstatedir=/var -Dsysconfdir=/etc -Dbuildtype=plain -Dwrap_mode=nodownload
[cplayer] List of enabled features: alsa caca cdda cplugins cuda-hwaccel cuda-interop dmabuf-interop-gl dmabuf-wayland drm dvbin dvdnav egl egl-drm egl-wayland egl-x11 ffmpeg ffnvcodec gbm gl glibc-thread-name glob glob-posix gpl iconv jack javascript jpeg lcms2 libarchive libass libavdevice libbluray libdl libplacebo linux-fstatfs lua52 memfd-create memrchr pipewire posix posix-shm ppoll pthread-condattr-setclock pulse rubberband rubberband-3 sdl2 sdl2-audio sdl2-gamepad sdl2-video sixel sndio sndio-1-9 uchardet vaapi vaapi-drm vaapi-wayland vaapi-x11 vdpau vector vk-khr-display vt.h vulkan wayland wayland-protocols-1-32 wayland-protocols-1-38 wayland-protocols-1-39 wayland-protocols-1-41 x11 xv zimg zimg-st428 zlib
[cplayer] Reading config file /etc/mpv/encoding-profiles.conf
[ifo_dvdnav] Opening /etc/mpv/encoding-profiles.conf
[bdmv/bluray] Opening /etc/mpv/encoding-profiles.conf
[file] Opening /etc/mpv/encoding-profiles.conf
[cplayer] Applying profile 'default'...
[cplayer] Setting option 'video' = 'no' (flags = 8)
[cplayer] Setting option 'force-window' = 'no' (flags = 8)
[cplayer] Setting option 'msg-level' = 'all=v' (flags = 8)
[cplayer] Setting option 'audio-device' = 'auto' (flags = 8)
[cplayer] Setting option 'cache-secs' = '8.0' (flags = 8)
[cplayer] Setting option 'idle' = 'yes' (flags = 8)
[cplayer] Setting option 'video' = 'no' (flags = 8)
[cplayer] Setting option 'force-window' = 'no' (flags = 8)
[cplayer] Setting option 'volume' = '100' (flags = 8)
[clipboard] Initialized vo clipboard backend.
[cplayer] Waiting for scripts...
[cplayer] Set property: user-data/osc/visibility="auto" -> 1
[cplayer] Set property: user-data/osc/margins={"l":0,"b":0,"r":0,"t":0} -> 1
[cplayer] Done loading scripts.
[cplayer] Running hook: auto_profiles/on_before_start_file
[cplayer] Failed sending hook command auto_profiles/on_before_start_file. Removing hook.
[cplayer] Running hook: auto_profiles/on_load
[cplayer] Failed sending hook command auto_profiles/on_load. Removing hook.
[cplayer] Running hook: ytdl_hook/on_load
[cplayer] Running hook: ytdl_hook/on_load
[ytdl_hook] playlist hook
[stream_callback] Opening http://prem1.di.fm:80/clubdubstep_hi?ca64cdc02f76c2c2
[ffmpeg] Opening http://prem1.di.fm:80/clubdubstep_hi?ca64cdc02f76c2c2
[cplayer] Set property: user-data/osc/margins={"l":0,"b":0,"r":0,"t":0} -> 1
[cplayer] Set property: user-data/osc/margins={"l":0,"b":0,"r":0,"t":0} -> 1
[osd/libass] libass API version: 0x1703000
[osd/libass] libass source: tarball: 0.17.3
[osd/libass] Shaper: FriBidi 1.0.15 (SIMPLE) HarfBuzz-ng 10.2.0 (COMPLEX)
[osd/libass] Setting up fonts...
[osd/libass] Using font provider fontconfig
[osd/libass] Done.
[ffmpeg] Could not set AVOption tls_verify='0'
[ffmpeg] Mime-type: 'audio/mpeg'
[demux] Trying demuxers for level=normal.
[lavf] Found 'mp3' at score=1 size=2048.
[lavf] Found 'mp3' at score=25 size=4096.
[lavf] avformat_find_stream_info() finished after 25627 bytes.
[demux] Detected file format: mp3 (libavformat)
[demux] Stream is not seekable.
[cplayer] Opening done: http://prem1.di.fm:80/clubdubstep_hi?ca64cdc02f76c2c2
[cplayer] Running hook: auto_profiles/on_preloaded
[cplayer] Failed sending hook command auto_profiles/on_preloaded. Removing hook.
[cplayer] Running hook: ytdl_hook/on_preloaded
[lavf] select track 0
[lavf] refresh track 0 (audio)
● Audio  --aid=1  (mp3 2ch 44100 Hz 320 kbps)
File tags:
 icy-title: Mitis - Written Emotions (Original Mix)
[ad] Codec list:
[ad]     mp3float (mp3) - MP3 (MPEG audio layer 3)
[ad]     mp3 - MP3 (MPEG audio layer 3)
[ad] Opening decoder mp3float
[ad] Requesting 1 threads for decoding.
[ad] Selected decoder: mp3float - MP3 (MPEG audio layer 3)
[af] User filter list:
[af]   (empty)
[cplayer] Starting playback...
[af] [in] 44100Hz stereo 2ch floatp
[af] [userspeed] 44100Hz stereo 2ch floatp
[af] [userspeed] (disabled)
[af] [convert] 44100Hz stereo 2ch floatp
[ao] Trying audio driver 'pipewire'
[ao/pipewire] requested format: 44100 Hz, stereo channels, floatp
[ao/pipewire] Headers version: 1.4.2
[ao/pipewire] Library version: 1.4.2
[ao/pipewire] Core user: egorkkk
[ao/pipewire] Core host: pi3
[ao/pipewire] Core version: 1.4.2
[ao/pipewire] Core name: pipewire-0
[ao/pipewire] using soft-buffer of 8820 samples.
AO: [pipewire] 44100Hz stereo 2ch floatp
[cplayer] AO: Description: PipeWire audio output
[af] [convert] (disabled)
[af] [out] 44100Hz stereo 2ch floatp
[cplayer] audio ready
[cplayer] starting audio playback
[cplayer] playback restart complete @ 0.000000, audio=playing, video=eof
[cplayer] Set property: user-data/osc/margins={"l":0,"b":0,"r":0,"t":0} -> 1
[cplayer] Set property: user-data/osc/margins={"l":0,"b":0,"r":0,"t":0} -> 1
A: 00:00:00 / 00:00:01 (0%) Cache: 0.8s/50KB
A: 00:00:00 / 00:00:02 (0%) Cache: 2.0s/121KB
A: 00:00:00 / 00:00:02 (4%) Cache: 2.0s/117KB
A: 00:00:00 / 00:00:02 (6%) Cache: 1.9s/112KB
A: 00:00:00 / 00:00:02 (10%) Cache: 1.8s/109KB
A: 00:00:00 / 00:00:04 (6%) Cache: 3.7s/221KB
A: 00:00:00 / 00:00:04 (8%) Cache: 3.7s/220KB
[cplayer] EOF code: 5  
A: 00:00:00 / 00:00:04 (8%) Cache: 3.7s/220KB
[cplayer] Set property: user-data/osc/margins={"l":0,"b":0,"r":0,"t":0} -> 1
A: 00:00:00 / 00:00:04 (8%) Cache: 3.7s/220KB
[cplayer] Forcefully terminating demuxers...
A: 00:00:00 / 00:00:04 (8%) Cache: 3.7s/220KB
[cplayer] finished playback, success (reason 3)
[cplayer] Running hook: ytdl_hook/on_after_end_file
Exiting... (Quit)
mpv process exited with code 4

===== mpv launch 2026-03-14 22:27:31 =====
station_id=difm:darkdnb
stream_url=http://prem1.di.fm:80/darkdnb_hi?ca64cdc02f76c2c2
command=mpv --no-video --force-window=no --msg-level=all=v --audio-device=auto --cache-secs=8.0 --idle=yes --no-video --force-window=no --volume=100 http://prem1.di.fm:80/darkdnb_hi?ca64cdc02f76c2c2
[cplayer] Command line options: '--no-video' '--force-window=no' '--msg-level=all=v' '--audio-device=auto' '--cache-secs=8.0' '--idle=yes' '--no-video' '--force-window=no' '--volume=100' 'http://prem1.di.fm:80/darkdnb_hi?ca64cdc02f76c2c2'
[cplayer] mpv v0.40.0 Copyright © 2000-2025 mpv/MPlayer/mplayer2 projects
[cplayer] libplacebo version: v7.349.0
[cplayer] FFmpeg version: 7.1.2-0+deb13u1 (runtime 7.1.3-0+deb13u1+rpt1)
[cplayer] FFmpeg library versions:
[cplayer]    libavcodec      61.19.101
[cplayer]    libavdevice     61.3.100
[cplayer]    libavfilter     10.4.100
[cplayer]    libavformat     61.7.100
[cplayer]    libavutil       59.39.100
[cplayer]    libswresample   5.3.100
[cplayer]    libswscale      8.3.100
[cplayer] Configuration: -Dpython.bytecompile=-1 -Dlibmpv=true -Dbuild-date=false -Dcdda=enabled -Ddvdnav=enabled -Dsdl2=enabled -Ddvbin=enabled -Dprefix=/usr -Dlibdir=lib/aarch64-linux-gnu -Dlocalstatedir=/var -Dsysconfdir=/etc -Dbuildtype=plain -Dwrap_mode=nodownload
[cplayer] List of enabled features: alsa caca cdda cplugins cuda-hwaccel cuda-interop dmabuf-interop-gl dmabuf-wayland drm dvbin dvdnav egl egl-drm egl-wayland egl-x11 ffmpeg ffnvcodec gbm gl glibc-thread-name glob glob-posix gpl iconv jack javascript jpeg lcms2 libarchive libass libavdevice libbluray libdl libplacebo linux-fstatfs lua52 memfd-create memrchr pipewire posix posix-shm ppoll pthread-condattr-setclock pulse rubberband rubberband-3 sdl2 sdl2-audio sdl2-gamepad sdl2-video sixel sndio sndio-1-9 uchardet vaapi vaapi-drm vaapi-wayland vaapi-x11 vdpau vector vk-khr-display vt.h vulkan wayland wayland-protocols-1-32 wayland-protocols-1-38 wayland-protocols-1-39 wayland-protocols-1-41 x11 xv zimg zimg-st428 zlib
[cplayer] Reading config file /etc/mpv/encoding-profiles.conf
[ifo_dvdnav] Opening /etc/mpv/encoding-profiles.conf
[bdmv/bluray] Opening /etc/mpv/encoding-profiles.conf
[file] Opening /etc/mpv/encoding-profiles.conf
[cplayer] Applying profile 'default'...
[cplayer] Setting option 'video' = 'no' (flags = 8)
[cplayer] Setting option 'force-window' = 'no' (flags = 8)
[cplayer] Setting option 'msg-level' = 'all=v' (flags = 8)
[cplayer] Setting option 'audio-device' = 'auto' (flags = 8)
[cplayer] Setting option 'cache-secs' = '8.0' (flags = 8)
[cplayer] Setting option 'idle' = 'yes' (flags = 8)
[cplayer] Setting option 'video' = 'no' (flags = 8)
[cplayer] Setting option 'force-window' = 'no' (flags = 8)
[cplayer] Setting option 'volume' = '100' (flags = 8)
[clipboard] Initialized vo clipboard backend.
[cplayer] Waiting for scripts...
[cplayer] Set property: user-data/osc/visibility="auto" -> 1
[cplayer] Set property: user-data/osc/margins={"b":0,"l":0,"t":0,"r":0} -> 1
[cplayer] Done loading scripts.
[cplayer] Running hook: auto_profiles/on_before_start_file
[cplayer] Failed sending hook command auto_profiles/on_before_start_file. Removing hook.
[cplayer] Running hook: auto_profiles/on_load
[cplayer] Failed sending hook command auto_profiles/on_load. Removing hook.
[cplayer] Running hook: ytdl_hook/on_load
[cplayer] Running hook: ytdl_hook/on_load
[ytdl_hook] playlist hook
[stream_callback] Opening http://prem1.di.fm:80/darkdnb_hi?ca64cdc02f76c2c2
[ffmpeg] Opening http://prem1.di.fm:80/darkdnb_hi?ca64cdc02f76c2c2
[cplayer] Set property: user-data/osc/margins={"b":0,"l":0,"t":0,"r":0} -> 1
[cplayer] Set property: user-data/osc/margins={"b":0,"l":0,"t":0,"r":0} -> 1
[osd/libass] libass API version: 0x1703000
[osd/libass] libass source: tarball: 0.17.3
[osd/libass] Shaper: FriBidi 1.0.15 (SIMPLE) HarfBuzz-ng 10.2.0 (COMPLEX)
[osd/libass] Setting up fonts...
[osd/libass] Using font provider fontconfig
[osd/libass] Done.
[ffmpeg] Could not set AVOption tls_verify='0'
[ffmpeg] Mime-type: 'audio/mpeg'
[demux] Trying demuxers for level=normal.
[lavf] Found 'mp3' at score=1 size=2048.
[lavf] Found 'mp3' at score=25 size=4096.
[lavf] avformat_find_stream_info() finished after 25667 bytes.
[demux] Detected file format: mp3 (libavformat)
[demux] Stream is not seekable.
[cplayer] Opening done: http://prem1.di.fm:80/darkdnb_hi?ca64cdc02f76c2c2
[cplayer] Running hook: auto_profiles/on_preloaded
[cplayer] Failed sending hook command auto_profiles/on_preloaded. Removing hook.
[cplayer] Running hook: ytdl_hook/on_preloaded
[lavf] select track 0
[lavf] refresh track 0 (audio)
● Audio  --aid=1  (mp3 2ch 44100 Hz 320 kbps)
File tags:
 icy-title: Mefjus - Mirage
[ad] Codec list:
[ad]     mp3float (mp3) - MP3 (MPEG audio layer 3)
[ad]     mp3 - MP3 (MPEG audio layer 3)
[ad] Opening decoder mp3float
[ad] Requesting 1 threads for decoding.
[ad] Selected decoder: mp3float - MP3 (MPEG audio layer 3)
[af] User filter list:
[af]   (empty)
[cplayer] Starting playback...
[af] [in] 44100Hz stereo 2ch floatp
[af] [userspeed] 44100Hz stereo 2ch floatp
[af] [userspeed] (disabled)
[af] [convert] 44100Hz stereo 2ch floatp
[ao] Trying audio driver 'pipewire'
[ao/pipewire] requested format: 44100 Hz, stereo channels, floatp
[ao/pipewire] Headers version: 1.4.2
[ao/pipewire] Library version: 1.4.2
[ao/pipewire] Core user: egorkkk
[ao/pipewire] Core host: pi3
[ao/pipewire] Core version: 1.4.2
[ao/pipewire] Core name: pipewire-0
[ao/pipewire] using soft-buffer of 8820 samples.
AO: [pipewire] 44100Hz stereo 2ch floatp
[cplayer] AO: Description: PipeWire audio output
[af] [convert] (disabled)
[af] [out] 44100Hz stereo 2ch floatp
[cplayer] audio ready
[cplayer] starting audio playback
[cplayer] playback restart complete @ 0.000000, audio=playing, video=eof
[cplayer] Set property: user-data/osc/margins={"b":0,"l":0,"t":0,"r":0} -> 1
A: 00:00:00 / 00:00:01 (0%) Cache: 0.9s/51KB
[cplayer] Set property: user-data/osc/margins={"b":0,"l":0,"t":0,"r":0} -> 1
A: 00:00:00 / 00:00:01 (0%) Cache: 0.9s/51KB
A: 00:00:00 / 00:00:01 (0%) Cache: 0.8s/50KB
A: 00:00:00 / 00:00:02 (2%) Cache: 2.0s/118KB
A: 00:00:00 / 00:00:02 (4%) Cache: 2.0s/117KB
A: 00:00:00 / 00:00:03 (5%) Cache: 2.8s/167KB
A: 00:00:00 / 00:00:03 (7%) Cache: 2.7s/164KB
A: 00:00:00 / 00:00:03 (9%) Cache: 2.7s/159KB
A: 00:00:00 / 00:00:03 (11%) Cache: 2.6s/156KB
A: 00:00:00 / 00:00:03 (13%) Cache: 2.5s/151KB
A: 00:00:00 / 00:00:03 (14%) Cache: 2.5s/150KB
A: 00:00:00 / 00:00:03 (16%) Cache: 2.4s/145KB
A: 00:00:00 / 00:00:03 (18%) Cache: 2.4s/142KB
A: 00:00:00 / 00:00:03 (20%) Cache: 2.3s/139KB
A: 00:00:00 / 00:00:03 (22%) Cache: 2.3s/137KB
A: 00:00:00 / 00:00:03 (24%) Cache: 2.2s/132KB
A: 00:00:00 / 00:00:03 (26%) Cache: 2.2s/129KB
A: 00:00:00 / 00:00:03 (27%) Cache: 2.1s/125KB
A: 00:00:00 / 00:00:03 (29%) Cache: 2.1s/123KB
A: 00:00:00 / 00:00:03 (31%) Cache: 2.0s/118KB
A: 00:00:01 / 00:00:03 (33%) Cache: 1.9s/115KB
A: 00:00:01 / 00:00:03 (35%) Cache: 1.9s/110KB
A: 00:00:01 / 00:00:03 (37%) Cache: 1.8s/107KB
A: 00:00:01 / 00:00:03 (40%) Cache: 1.7s/103KB
A: 00:00:01 / 00:00:03 (42%) Cache: 1.6s/98KB
A: 00:00:01 / 00:00:03 (43%) Cache: 1.6s/95KB
A: 00:00:01 / 00:00:03 (45%) Cache: 1.5s/92KB
A: 00:00:01 / 00:00:03 (47%) Cache: 1.5s/89KB
A: 00:00:01 / 00:00:03 (49%) Cache: 1.4s/84KB
A: 00:00:01 / 00:00:03 (51%) Cache: 1.4s/81KB
A: 00:00:01 / 00:00:03 (46%) Cache: 1.8s/104KB
A: 00:00:01 / 00:00:03 (43%) Cache: 2.0s/121KB
A: 00:00:01 / 00:00:03 (45%) Cache: 2.0s/118KB
A: 00:00:01 / 00:00:05 (35%) Cache: 3.2s/189KB
A: 00:00:01 / 00:00:05 (36%) Cache: 3.1s/185KB
A: 00:00:01 / 00:00:05 (37%) Cache: 3.1s/182KB
A: 00:00:02 / 00:00:05 (39%) Cache: 3.0s/178KB
A: 00:00:02 / 00:00:05 (40%) Cache: 2.9s/175KB
A: 00:00:02 / 00:00:05 (41%) Cache: 2.8s/170KB
A: 00:00:02 / 00:00:05 (42%) Cache: 2.8s/168KB
A: 00:00:02 / 00:00:05 (43%) Cache: 2.7s/164KB
A: 00:00:02 / 00:00:05 (44%) Cache: 2.7s/162KB
A: 00:00:02 / 00:00:05 (45%) Cache: 2.6s/157KB
A: 00:00:02 / 00:00:05 (47%) Cache: 2.6s/154KB
A: 00:00:02 / 00:00:05 (48%) Cache: 2.5s/150KB
A: 00:00:02 / 00:00:05 (49%) Cache: 2.5s/146KB
A: 00:00:02 / 00:00:05 (50%) Cache: 2.4s/142KB
A: 00:00:02 / 00:00:05 (51%) Cache: 2.4s/140KB
A: 00:00:02 / 00:00:05 (52%) Cache: 2.3s/135KB
A: 00:00:02 / 00:00:05 (53%) Cache: 2.2s/132KB
A: 00:00:02 / 00:00:05 (55%) Cache: 2.1s/128KB
A: 00:00:02 / 00:00:05 (56%) Cache: 2.1s/125KB
A: 00:00:02 / 00:00:05 (57%) Cache: 2.0s/121KB
A: 00:00:03 / 00:00:05 (58%) Cache: 2.0s/117KB
A: 00:00:03 / 00:00:05 (59%) Cache: 1.9s/114KB
A: 00:00:03 / 00:00:05 (61%) Cache: 1.8s/109KB
A: 00:00:03 / 00:00:05 (62%) Cache: 1.8s/106KB
A: 00:00:03 / 00:00:05 (63%) Cache: 1.7s/101KB
A: 00:00:03 / 00:00:05 (64%) Cache: 1.6s/98KB
A: 00:00:03 / 00:00:05 (65%) Cache: 1.6s/95KB
A: 00:00:03 / 00:00:05 (62%) Cache: 1.9s/114KB
A: 00:00:03 / 00:00:05 (63%) Cache: 1.9s/110KB
A: 00:00:03 / 00:00:06 (58%) Cache: 2.4s/142KB
A: 00:00:03 / 00:00:06 (57%) Cache: 2.5s/146KB
A: 00:00:03 / 00:00:06 (58%) Cache: 2.4s/145KB
A: 00:00:03 / 00:00:07 (51%) Cache: 3.3s/196KB
A: 00:00:03 / 00:00:07 (53%) Cache: 3.2s/193KB
A: 00:00:03 / 00:00:07 (53%) Cache: 3.2s/189KB
A: 00:00:03 / 00:00:07 (54%) Cache: 3.1s/187KB
A: 00:00:04 / 00:00:07 (55%) Cache: 3.1s/182KB
A: 00:00:04 / 00:00:07 (56%) Cache: 3.0s/179KB
A: 00:00:04 / 00:00:07 (57%) Cache: 2.9s/175KB
A: 00:00:04 / 00:00:07 (58%) Cache: 2.9s/171KB
A: 00:00:04 / 00:00:07 (59%) Cache: 2.8s/167KB
A: 00:00:04 / 00:00:07 (60%) Cache: 2.7s/162KB
A: 00:00:04 / 00:00:07 (60%) Cache: 2.7s/159KB
A: 00:00:04 / 00:00:07 (61%) Cache: 2.6s/156KB
A: 00:00:04 / 00:00:07 (62%) Cache: 2.6s/153KB
A: 00:00:04 / 00:00:07 (63%) Cache: 2.5s/148KB
A: 00:00:04 / 00:00:07 (63%) Cache: 2.4s/145KB
A: 00:00:04 / 00:00:07 (64%) Cache: 2.4s/142KB
A: 00:00:04 / 00:00:07 (65%) Cache: 2.3s/139KB
[cplayer] EOF code: 5  
A: 00:00:04 / 00:00:07 (65%) Cache: 2.3s/139KB
[cplayer] Set property: user-data/osc/margins={"b":0,"l":0,"t":0,"r":0} -> 1
A: 00:00:04 / 00:00:07 (65%) Cache: 2.3s/139KB
[cplayer] Forcefully terminating demuxers...
A: 00:00:04 / 00:00:07 (65%) Cache: 2.3s/139KB
[cplayer] finished playback, success (reason 3)
[cplayer] Running hook: ytdl_hook/on_after_end_file
Exiting... (Quit)
mpv process exited with code 4

===== mpv launch 2026-03-14 22:27:38 =====
station_id=difm:ambient
stream_url=http://prem1.di.fm:80/ambient_hi?ca64cdc02f76c2c2
command=mpv --no-video --force-window=no --msg-level=all=v --audio-device=auto --cache-secs=8.0 --idle=yes --no-video --force-window=no --volume=100 http://prem1.di.fm:80/ambient_hi?ca64cdc02f76c2c2
[cplayer] Command line options: '--no-video' '--force-window=no' '--msg-level=all=v' '--audio-device=auto' '--cache-secs=8.0' '--idle=yes' '--no-video' '--force-window=no' '--volume=100' 'http://prem1.di.fm:80/ambient_hi?ca64cdc02f76c2c2'
[cplayer] mpv v0.40.0 Copyright © 2000-2025 mpv/MPlayer/mplayer2 projects
[cplayer] libplacebo version: v7.349.0
[cplayer] FFmpeg version: 7.1.2-0+deb13u1 (runtime 7.1.3-0+deb13u1+rpt1)
[cplayer] FFmpeg library versions:
[cplayer]    libavcodec      61.19.101
[cplayer]    libavdevice     61.3.100
[cplayer]    libavfilter     10.4.100
[cplayer]    libavformat     61.7.100
[cplayer]    libavutil       59.39.100
[cplayer]    libswresample   5.3.100
[cplayer]    libswscale      8.3.100
[cplayer] Configuration: -Dpython.bytecompile=-1 -Dlibmpv=true -Dbuild-date=false -Dcdda=enabled -Ddvdnav=enabled -Dsdl2=enabled -Ddvbin=enabled -Dprefix=/usr -Dlibdir=lib/aarch64-linux-gnu -Dlocalstatedir=/var -Dsysconfdir=/etc -Dbuildtype=plain -Dwrap_mode=nodownload
[cplayer] List of enabled features: alsa caca cdda cplugins cuda-hwaccel cuda-interop dmabuf-interop-gl dmabuf-wayland drm dvbin dvdnav egl egl-drm egl-wayland egl-x11 ffmpeg ffnvcodec gbm gl glibc-thread-name glob glob-posix gpl iconv jack javascript jpeg lcms2 libarchive libass libavdevice libbluray libdl libplacebo linux-fstatfs lua52 memfd-create memrchr pipewire posix posix-shm ppoll pthread-condattr-setclock pulse rubberband rubberband-3 sdl2 sdl2-audio sdl2-gamepad sdl2-video sixel sndio sndio-1-9 uchardet vaapi vaapi-drm vaapi-wayland vaapi-x11 vdpau vector vk-khr-display vt.h vulkan wayland wayland-protocols-1-32 wayland-protocols-1-38 wayland-protocols-1-39 wayland-protocols-1-41 x11 xv zimg zimg-st428 zlib
[cplayer] Reading config file /etc/mpv/encoding-profiles.conf
[ifo_dvdnav] Opening /etc/mpv/encoding-profiles.conf
[bdmv/bluray] Opening /etc/mpv/encoding-profiles.conf
[file] Opening /etc/mpv/encoding-profiles.conf
[cplayer] Applying profile 'default'...
[cplayer] Setting option 'video' = 'no' (flags = 8)
[cplayer] Setting option 'force-window' = 'no' (flags = 8)
[cplayer] Setting option 'msg-level' = 'all=v' (flags = 8)
[cplayer] Setting option 'audio-device' = 'auto' (flags = 8)
[cplayer] Setting option 'cache-secs' = '8.0' (flags = 8)
[cplayer] Setting option 'idle' = 'yes' (flags = 8)
[cplayer] Setting option 'video' = 'no' (flags = 8)
[cplayer] Setting option 'force-window' = 'no' (flags = 8)
[cplayer] Setting option 'volume' = '100' (flags = 8)
[clipboard] Initialized vo clipboard backend.
[cplayer] Waiting for scripts...
[cplayer] Set property: user-data/osc/visibility="auto" -> 1
[cplayer] Set property: user-data/osc/margins={"r":0,"b":0,"l":0,"t":0} -> 1
[cplayer] Done loading scripts.
[cplayer] Running hook: auto_profiles/on_before_start_file
[cplayer] Failed sending hook command auto_profiles/on_before_start_file. Removing hook.
[cplayer] Running hook: auto_profiles/on_load
[cplayer] Failed sending hook command auto_profiles/on_load. Removing hook.
[cplayer] Running hook: ytdl_hook/on_load
[cplayer] Running hook: ytdl_hook/on_load
[ytdl_hook] playlist hook
[stream_callback] Opening http://prem1.di.fm:80/ambient_hi?ca64cdc02f76c2c2
[ffmpeg] Opening http://prem1.di.fm:80/ambient_hi?ca64cdc02f76c2c2
[cplayer] Set property: user-data/osc/margins={"r":0,"b":0,"l":0,"t":0} -> 1
[cplayer] Set property: user-data/osc/margins={"r":0,"b":0,"l":0,"t":0} -> 1
[osd/libass] libass API version: 0x1703000
[osd/libass] libass source: tarball: 0.17.3
[osd/libass] Shaper: FriBidi 1.0.15 (SIMPLE) HarfBuzz-ng 10.2.0 (COMPLEX)
[osd/libass] Setting up fonts...
[osd/libass] Using font provider fontconfig
[osd/libass] Done.
[ffmpeg] Could not set AVOption tls_verify='0'
[ffmpeg] Mime-type: 'audio/mpeg'
[demux] Trying demuxers for level=normal.
[lavf] Found 'mp3' at score=1 size=2048.
[lavf] Found 'mp3' at score=25 size=4096.
[lavf] avformat_find_stream_info() finished after 25637 bytes.
[demux] Detected file format: mp3 (libavformat)
[demux] Stream is not seekable.
[cplayer] Opening done: http://prem1.di.fm:80/ambient_hi?ca64cdc02f76c2c2
[cplayer] Running hook: auto_profiles/on_preloaded
[cplayer] Failed sending hook command auto_profiles/on_preloaded. Removing hook.
[cplayer] Running hook: ytdl_hook/on_preloaded
[lavf] select track 0
[lavf] refresh track 0 (audio)
● Audio  --aid=1  (mp3 2ch 44100 Hz 320 kbps)
File tags:
 icy-title: Simon Wilkinson - A Softer Indication
[ad] Codec list:
[ad]     mp3float (mp3) - MP3 (MPEG audio layer 3)
[ad]     mp3 - MP3 (MPEG audio layer 3)
[ad] Opening decoder mp3float
[ad] Requesting 1 threads for decoding.
[ad] Selected decoder: mp3float - MP3 (MPEG audio layer 3)
[af] User filter list:
[af]   (empty)
[cplayer] Starting playback...
[af] [in] 44100Hz stereo 2ch floatp
[af] [userspeed] 44100Hz stereo 2ch floatp
[af] [userspeed] (disabled)
[af] [convert] 44100Hz stereo 2ch floatp
[ao] Trying audio driver 'pipewire'
[ao/pipewire] requested format: 44100 Hz, stereo channels, floatp
[ao/pipewire] Headers version: 1.4.2
[ao/pipewire] Library version: 1.4.2
[ao/pipewire] Core user: egorkkk
[ao/pipewire] Core host: pi3
[ao/pipewire] Core version: 1.4.2
[ao/pipewire] Core name: pipewire-0
[ao/pipewire] using soft-buffer of 8820 samples.
AO: [pipewire] 44100Hz stereo 2ch floatp
[cplayer] AO: Description: PipeWire audio output
[af] [convert] (disabled)
[af] [out] 44100Hz stereo 2ch floatp
[cplayer] Set property: user-data/osc/margins={"r":0,"b":0,"l":0,"t":0} -> 1
[cplayer] audio ready
[cplayer] starting audio playback
[cplayer] playback restart complete @ 0.000000, audio=playing, video=eof
[cplayer] Set property: user-data/osc/margins={"r":0,"b":0,"l":0,"t":0} -> 1
A: 00:00:00 / 00:00:01 (0%) Cache: 0.9s/51KB
A: 00:00:00 / 00:00:02 (1%) Cache: 2.0s/120KB
A: 00:00:00 / 00:00:02 (4%) Cache: 2.0s/117KB
A: 00:00:00 / 00:00:04 (3%) Cache: 3.8s/228KB
A: 00:00:00 / 00:00:04 (5%) Cache: 3.8s/225KB
A: 00:00:00 / 00:00:04 (7%) Cache: 3.7s/220KB
A: 00:00:00 / 00:00:04 (8%) Cache: 3.6s/217KB
A: 00:00:00 / 00:00:04 (10%) Cache: 3.6s/212KB
A: 00:00:00 / 00:00:04 (11%) Cache: 3.5s/210KB
A: 00:00:00 / 00:00:04 (12%) Cache: 3.4s/206KB
A: 00:00:00 / 00:00:04 (14%) Cache: 3.4s/203KB
A: 00:00:00 / 00:00:04 (15%) Cache: 3.3s/200KB
A: 00:00:00 / 00:00:04 (16%) Cache: 3.3s/198KB
A: 00:00:00 / 00:00:04 (18%) Cache: 3.2s/193KB
A: 00:00:00 / 00:00:04 (19%) Cache: 3.2s/190KB
A: 00:00:00 / 00:00:04 (21%) Cache: 3.1s/185KB
A: 00:00:00 / 00:00:04 (22%) Cache: 3.1s/184KB
A: 00:00:00 / 00:00:04 (23%) Cache: 3.0s/179KB
A: 00:00:01 / 00:00:04 (25%) Cache: 3.0s/176KB
A: 00:00:01 / 00:00:04 (27%) Cache: 2.9s/171KB
A: 00:00:01 / 00:00:05 (23%) Cache: 3.7s/221KB
A: 00:00:01 / 00:00:05 (23%) Cache: 3.8s/225KB
A: 00:00:01 / 00:00:05 (25%) Cache: 3.7s/221KB
A: 00:00:01 / 00:00:05 (26%) Cache: 3.6s/217KB
A: 00:00:01 / 00:00:05 (28%) Cache: 3.6s/212KB
A: 00:00:01 / 00:00:05 (29%) Cache: 3.5s/209KB
A: 00:00:01 / 00:00:05 (30%) Cache: 3.4s/204KB
A: 00:00:01 / 00:00:05 (31%) Cache: 3.4s/201KB
A: 00:00:01 / 00:00:05 (32%) Cache: 3.3s/198KB
A: 00:00:01 / 00:00:05 (33%) Cache: 3.3s/196KB
[cplayer] EOF code: 5  
A: 00:00:01 / 00:00:05 (33%) Cache: 3.3s/196KB
[cplayer] Set property: user-data/osc/margins={"r":0,"b":0,"l":0,"t":0} -> 1
A: 00:00:01 / 00:00:05 (33%) Cache: 3.3s/196KB
[cplayer] Forcefully terminating demuxers...
A: 00:00:01 / 00:00:05 (33%) Cache: 3.3s/196KB
[cplayer] finished playback, success (reason 3)
[cplayer] Running hook: ytdl_hook/on_after_end_file
Exiting... (Quit)
mpv process exited with code 4

===== mpv launch 2026-03-14 22:27:42 =====
station_id=difm:bigroomhouse
stream_url=http://prem4.di.fm:80/bigroomhouse_hi?ca64cdc02f76c2c2
command=mpv --no-video --force-window=no --msg-level=all=v --audio-device=auto --cache-secs=8.0 --idle=yes --no-video --force-window=no --volume=100 http://prem4.di.fm:80/bigroomhouse_hi?ca64cdc02f76c2c2
[cplayer] Command line options: '--no-video' '--force-window=no' '--msg-level=all=v' '--audio-device=auto' '--cache-secs=8.0' '--idle=yes' '--no-video' '--force-window=no' '--volume=100' 'http://prem4.di.fm:80/bigroomhouse_hi?ca64cdc02f76c2c2'
[cplayer] mpv v0.40.0 Copyright © 2000-2025 mpv/MPlayer/mplayer2 projects
[cplayer] libplacebo version: v7.349.0
[cplayer] FFmpeg version: 7.1.2-0+deb13u1 (runtime 7.1.3-0+deb13u1+rpt1)
[cplayer] FFmpeg library versions:
[cplayer]    libavcodec      61.19.101
[cplayer]    libavdevice     61.3.100
[cplayer]    libavfilter     10.4.100
[cplayer]    libavformat     61.7.100
[cplayer]    libavutil       59.39.100
[cplayer]    libswresample   5.3.100
[cplayer]    libswscale      8.3.100
[cplayer] Configuration: -Dpython.bytecompile=-1 -Dlibmpv=true -Dbuild-date=false -Dcdda=enabled -Ddvdnav=enabled -Dsdl2=enabled -Ddvbin=enabled -Dprefix=/usr -Dlibdir=lib/aarch64-linux-gnu -Dlocalstatedir=/var -Dsysconfdir=/etc -Dbuildtype=plain -Dwrap_mode=nodownload
[cplayer] List of enabled features: alsa caca cdda cplugins cuda-hwaccel cuda-interop dmabuf-interop-gl dmabuf-wayland drm dvbin dvdnav egl egl-drm egl-wayland egl-x11 ffmpeg ffnvcodec gbm gl glibc-thread-name glob glob-posix gpl iconv jack javascript jpeg lcms2 libarchive libass libavdevice libbluray libdl libplacebo linux-fstatfs lua52 memfd-create memrchr pipewire posix posix-shm ppoll pthread-condattr-setclock pulse rubberband rubberband-3 sdl2 sdl2-audio sdl2-gamepad sdl2-video sixel sndio sndio-1-9 uchardet vaapi vaapi-drm vaapi-wayland vaapi-x11 vdpau vector vk-khr-display vt.h vulkan wayland wayland-protocols-1-32 wayland-protocols-1-38 wayland-protocols-1-39 wayland-protocols-1-41 x11 xv zimg zimg-st428 zlib
[cplayer] Reading config file /etc/mpv/encoding-profiles.conf
[ifo_dvdnav] Opening /etc/mpv/encoding-profiles.conf
[bdmv/bluray] Opening /etc/mpv/encoding-profiles.conf
[file] Opening /etc/mpv/encoding-profiles.conf
[cplayer] Applying profile 'default'...
[cplayer] Setting option 'video' = 'no' (flags = 8)
[cplayer] Setting option 'force-window' = 'no' (flags = 8)
[cplayer] Setting option 'msg-level' = 'all=v' (flags = 8)
[cplayer] Setting option 'audio-device' = 'auto' (flags = 8)
[cplayer] Setting option 'cache-secs' = '8.0' (flags = 8)
[cplayer] Setting option 'idle' = 'yes' (flags = 8)
[cplayer] Setting option 'video' = 'no' (flags = 8)
[cplayer] Setting option 'force-window' = 'no' (flags = 8)
[cplayer] Setting option 'volume' = '100' (flags = 8)
[clipboard] Initialized vo clipboard backend.
[cplayer] Waiting for scripts...
[cplayer] Set property: user-data/osc/visibility="auto" -> 1
[cplayer] Set property: user-data/osc/margins={"b":0,"r":0,"t":0,"l":0} -> 1
[cplayer] Done loading scripts.
[cplayer] Running hook: auto_profiles/on_before_start_file
[cplayer] Failed sending hook command auto_profiles/on_before_start_file. Removing hook.
[cplayer] Running hook: auto_profiles/on_load
[cplayer] Failed sending hook command auto_profiles/on_load. Removing hook.
[cplayer] Running hook: ytdl_hook/on_load
[cplayer] Running hook: ytdl_hook/on_load
[ytdl_hook] playlist hook
[stream_callback] Opening http://prem4.di.fm:80/bigroomhouse_hi?ca64cdc02f76c2c2
[ffmpeg] Opening http://prem4.di.fm:80/bigroomhouse_hi?ca64cdc02f76c2c2
[cplayer] Set property: user-data/osc/margins={"b":0,"r":0,"t":0,"l":0} -> 1
[osd/libass] libass API version: 0x1703000
[osd/libass] libass source: tarball: 0.17.3
[osd/libass] Shaper: FriBidi 1.0.15 (SIMPLE) HarfBuzz-ng 10.2.0 (COMPLEX)
[osd/libass] Setting up fonts...
[osd/libass] Using font provider fontconfig
[osd/libass] Done.
[cplayer] Set property: user-data/osc/margins={"b":0,"r":0,"t":0,"l":0} -> 1
[cplayer] Set property: user-data/osc/margins={"b":0,"r":0,"t":0,"l":0} -> 1
[ffmpeg] Could not set AVOption tls_verify='0'
[ffmpeg] Mime-type: 'audio/mpeg'
[demux] Trying demuxers for level=normal.
[lavf] Found 'mp3' at score=1 size=2048.
[lavf] Found 'mp3' at score=25 size=4096.
[lavf] avformat_find_stream_info() finished after 25591 bytes.
[demux] Detected file format: mp3 (libavformat)
[demux] Stream is not seekable.
[cplayer] Opening done: http://prem4.di.fm:80/bigroomhouse_hi?ca64cdc02f76c2c2
[cplayer] Running hook: auto_profiles/on_preloaded
[cplayer] Failed sending hook command auto_profiles/on_preloaded. Removing hook.
[cplayer] Running hook: ytdl_hook/on_preloaded
[lavf] select track 0
[lavf] refresh track 0 (audio)
● Audio  --aid=1  (mp3 2ch 44100 Hz 320 kbps)
File tags:
 icy-title: Chuckie & Exodus Feat. Matthew Steeper - Perfect Sky (Extended Mix)
[ad] Codec list:
[ad]     mp3float (mp3) - MP3 (MPEG audio layer 3)
[ad]     mp3 - MP3 (MPEG audio layer 3)
[ad] Opening decoder mp3float
[ad] Requesting 1 threads for decoding.
[ad] Selected decoder: mp3float - MP3 (MPEG audio layer 3)
[af] User filter list:
[af]   (empty)
[cplayer] Starting playback...
[af] [in] 44100Hz stereo 2ch floatp
[af] [userspeed] 44100Hz stereo 2ch floatp
[af] [userspeed] (disabled)
[af] [convert] 44100Hz stereo 2ch floatp
[ao] Trying audio driver 'pipewire'
[ao/pipewire] requested format: 44100 Hz, stereo channels, floatp
[ao/pipewire] Headers version: 1.4.2
[ao/pipewire] Library version: 1.4.2
[ao/pipewire] Core user: egorkkk
[ao/pipewire] Core host: pi3
[ao/pipewire] Core version: 1.4.2
[ao/pipewire] Core name: pipewire-0
[ao/pipewire] using soft-buffer of 8820 samples.
AO: [pipewire] 44100Hz stereo 2ch floatp
[cplayer] AO: Description: PipeWire audio output
[af] [convert] (disabled)
[af] [out] 44100Hz stereo 2ch floatp
[cplayer] audio ready
[cplayer] starting audio playback
[cplayer] playback restart complete @ 0.000000, audio=playing, video=eof
A: 00:00:00 / 00:00:01 (0%) Cache: 0.8s/50KB
[cplayer] Set property: user-data/osc/margins={"b":0,"r":0,"t":0,"l":0} -> 1
A: 00:00:00 / 00:00:01 (0%) Cache: 0.8s/50KB
[cplayer] Set property: user-data/osc/margins={"b":0,"r":0,"t":0,"l":0} -> 1
A: 00:00:00 / 00:00:01 (0%) Cache: 0.8s/50KB
A: 00:00:00 / 00:00:02 (1%) Cache: 2.0s/120KB
A: 00:00:00 / 00:00:02 (4%) Cache: 2.0s/117KB
A: 00:00:00 / 00:00:03 (5%) Cache: 2.8s/167KB
A: 00:00:00 / 00:00:03 (7%) Cache: 2.7s/164KB
A: 00:00:00 / 00:00:03 (9%) Cache: 2.7s/159KB
A: 00:00:00 / 00:00:03 (11%) Cache: 2.6s/156KB
A: 00:00:00 / 00:00:04 (10%) Cache: 3.6s/212KB
A: 00:00:00 / 00:00:04 (11%) Cache: 3.5s/210KB
A: 00:00:00 / 00:00:04 (12%) Cache: 3.4s/206KB
A: 00:00:00 / 00:00:04 (14%) Cache: 3.4s/203KB
A: 00:00:00 / 00:00:04 (15%) Cache: 3.3s/198KB
A: 00:00:00 / 00:00:04 (16%) Cache: 3.3s/196KB
A: 00:00:00 / 00:00:04 (18%) Cache: 3.2s/192KB
A: 00:00:00 / 00:00:04 (20%) Cache: 3.2s/189KB
A: 00:00:00 / 00:00:04 (21%) Cache: 3.1s/184KB
A: 00:00:00 / 00:00:04 (22%) Cache: 3.1s/182KB
A: 00:00:00 / 00:00:04 (23%) Cache: 3.0s/179KB
A: 00:00:01 / 00:00:04 (24%) Cache: 3.0s/178KB
A: 00:00:01 / 00:00:04 (26%) Cache: 2.9s/173KB
A: 00:00:01 / 00:00:04 (27%) Cache: 2.8s/170KB
A: 00:00:01 / 00:00:04 (28%) Cache: 2.8s/167KB
A: 00:00:01 / 00:00:04 (30%) Cache: 2.7s/164KB
A: 00:00:01 / 00:00:04 (31%) Cache: 2.8s/165KB
A: 00:00:01 / 00:00:05 (26%) Cache: 3.6s/215KB
A: 00:00:01 / 00:00:05 (28%) Cache: 3.6s/212KB
A: 00:00:01 / 00:00:05 (29%) Cache: 3.5s/209KB
A: 00:00:01 / 00:00:05 (30%) Cache: 3.4s/204KB
A: 00:00:01 / 00:00:05 (31%) Cache: 3.4s/201KB
A: 00:00:01 / 00:00:05 (32%) Cache: 3.3s/198KB
A: 00:00:01 / 00:00:05 (33%) Cache: 3.3s/195KB
A: 00:00:01 / 00:00:05 (35%) Cache: 3.2s/190KB
A: 00:00:01 / 00:00:05 (35%) Cache: 3.1s/187KB
A: 00:00:01 / 00:00:05 (37%) Cache: 3.1s/184KB
A: 00:00:02 / 00:00:05 (38%) Cache: 3.0s/181KB
A: 00:00:02 / 00:00:05 (39%) Cache: 3.0s/178KB
A: 00:00:02 / 00:00:05 (40%) Cache: 2.9s/173KB
A: 00:00:02 / 00:00:05 (41%) Cache: 2.9s/171KB
A: 00:00:02 / 00:00:05 (43%) Cache: 2.8s/167KB
A: 00:00:02 / 00:00:05 (44%) Cache: 2.7s/164KB
A: 00:00:02 / 00:00:05 (40%) Cache: 3.3s/198KB
A: 00:00:02 / 00:00:06 (38%) Cache: 3.7s/218KB
A: 00:00:02 / 00:00:06 (39%) Cache: 3.6s/214KB
A: 00:00:02 / 00:00:06 (40%) Cache: 3.5s/210KB
A: 00:00:02 / 00:00:06 (41%) Cache: 3.4s/206KB
A: 00:00:02 / 00:00:06 (42%) Cache: 3.4s/204KB
A: 00:00:02 / 00:00:06 (43%) Cache: 3.3s/200KB
A: 00:00:02 / 00:00:06 (44%) Cache: 3.3s/196KB
A: 00:00:02 / 00:00:06 (45%) Cache: 3.2s/192KB
A: 00:00:02 / 00:00:06 (46%) Cache: 3.2s/189KB
A: 00:00:02 / 00:00:06 (47%) Cache: 3.1s/185KB
A: 00:00:03 / 00:00:06 (48%) Cache: 3.1s/182KB
A: 00:00:03 / 00:00:06 (49%) Cache: 3.0s/178KB
A: 00:00:03 / 00:00:06 (50%) Cache: 2.9s/175KB
A: 00:00:03 / 00:00:06 (51%) Cache: 2.9s/171KB
A: 00:00:03 / 00:00:06 (52%) Cache: 2.8s/168KB
A: 00:00:03 / 00:00:06 (52%) Cache: 2.8s/170KB
A: 00:00:03 / 00:00:06 (53%) Cache: 2.8s/167KB
A: 00:00:03 / 00:00:06 (54%) Cache: 2.7s/164KB
A: 00:00:03 / 00:00:07 (49%) Cache: 3.4s/204KB
A: 00:00:03 / 00:00:07 (48%) Cache: 3.6s/212KB
A: 00:00:03 / 00:00:07 (49%) Cache: 3.5s/209KB
A: 00:00:03 / 00:00:07 (50%) Cache: 3.4s/204KB
A: 00:00:03 / 00:00:07 (51%) Cache: 3.4s/203KB
A: 00:00:03 / 00:00:07 (51%) Cache: 3.3s/198KB
A: 00:00:03 / 00:00:07 (52%) Cache: 3.3s/195KB
A: 00:00:03 / 00:00:07 (53%) Cache: 3.2s/190KB
A: 00:00:03 / 00:00:07 (54%) Cache: 3.2s/189KB
A: 00:00:04 / 00:00:07 (55%) Cache: 3.1s/184KB
A: 00:00:04 / 00:00:07 (56%) Cache: 3.0s/181KB
A: 00:00:04 / 00:00:07 (56%) Cache: 3.0s/176KB
A: 00:00:04 / 00:00:07 (57%) Cache: 2.9s/175KB
A: 00:00:04 / 00:00:07 (58%) Cache: 2.8s/170KB
A: 00:00:04 / 00:00:07 (59%) Cache: 2.8s/167KB
A: 00:00:04 / 00:00:07 (60%) Cache: 2.7s/162KB
A: 00:00:04 / 00:00:07 (60%) Cache: 2.7s/160KB
A: 00:00:04 / 00:00:08 (54%) Cache: 3.5s/210KB
A: 00:00:04 / 00:00:08 (55%) Cache: 3.5s/209KB
A: 00:00:04 / 00:00:08 (55%) Cache: 3.5s/210KB
A: 00:00:04 / 00:00:08 (55%) Cache: 3.5s/207KB
A: 00:00:04 / 00:00:08 (56%) Cache: 3.4s/204KB
A: 00:00:04 / 00:00:08 (57%) Cache: 3.4s/201KB
A: 00:00:04 / 00:00:08 (58%) Cache: 3.3s/196KB
A: 00:00:04 / 00:00:08 (58%) Cache: 3.2s/193KB
A: 00:00:04 / 00:00:08 (59%) Cache: 3.2s/190KB
A: 00:00:04 / 00:00:08 (60%) Cache: 3.1s/187KB
A: 00:00:05 / 00:00:08 (61%) Cache: 3.1s/182KB
A: 00:00:05 / 00:00:08 (61%) Cache: 3.0s/179KB
A: 00:00:05 / 00:00:08 (62%) Cache: 2.9s/175KB
A: 00:00:05 / 00:00:08 (63%) Cache: 2.9s/171KB
A: 00:00:05 / 00:00:08 (64%) Cache: 2.8s/167KB
A: 00:00:05 / 00:00:08 (64%) Cache: 2.7s/164KB
A: 00:00:05 / 00:00:08 (62%) Cache: 3.1s/185KB
A: 00:00:05 / 00:00:09 (58%) Cache: 3.7s/218KB
A: 00:00:05 / 00:00:09 (59%) Cache: 3.6s/215KB
A: 00:00:05 / 00:00:09 (60%) Cache: 3.6s/212KB
A: 00:00:05 / 00:00:09 (60%) Cache: 3.5s/207KB
A: 00:00:05 / 00:00:09 (61%) Cache: 3.4s/206KB
A: 00:00:05 / 00:00:09 (61%) Cache: 3.4s/201KB
A: 00:00:05 / 00:00:09 (62%) Cache: 3.3s/198KB
A: 00:00:05 / 00:00:09 (63%) Cache: 3.2s/193KB
A: 00:00:05 / 00:00:09 (63%) Cache: 3.2s/192KB
A: 00:00:05 / 00:00:09 (64%) Cache: 3.1s/187KB
A: 00:00:06 / 00:00:09 (65%) Cache: 3.1s/184KB
A: 00:00:06 / 00:00:09 (65%) Cache: 3.0s/179KB
A: 00:00:06 / 00:00:09 (66%) Cache: 3.0s/178KB
A: 00:00:06 / 00:00:09 (66%) Cache: 2.9s/173KB
A: 00:00:06 / 00:00:09 (67%) Cache: 2.8s/170KB
A: 00:00:06 / 00:00:09 (65%) Cache: 3.1s/187KB
A: 00:00:06 / 00:00:09 (66%) Cache: 3.1s/185KB
A: 00:00:06 / 00:00:10 (62%) Cache: 3.7s/218KB
A: 00:00:06 / 00:00:10 (63%) Cache: 3.6s/217KB
A: 00:00:06 / 00:00:10 (63%) Cache: 3.6s/212KB
A: 00:00:06 / 00:00:10 (64%) Cache: 3.5s/209KB
A: 00:00:06 / 00:00:10 (64%) Cache: 3.4s/206KB
A: 00:00:06 / 00:00:10 (65%) Cache: 3.4s/203KB
A: 00:00:06 / 00:00:10 (66%) Cache: 3.3s/198KB
A: 00:00:06 / 00:00:10 (66%) Cache: 3.3s/195KB
A: 00:00:06 / 00:00:10 (67%) Cache: 3.2s/193KB
A: 00:00:06 / 00:00:10 (67%) Cache: 3.2s/190KB
A: 00:00:07 / 00:00:10 (68%) Cache: 3.1s/185KB
A: 00:00:07 / 00:00:10 (69%) Cache: 3.0s/181KB
A: 00:00:07 / 00:00:10 (69%) Cache: 3.0s/178KB
A: 00:00:07 / 00:00:10 (70%) Cache: 2.9s/173KB
A: 00:00:07 / 00:00:10 (70%) Cache: 2.8s/170KB
A: 00:00:07 / 00:00:11 (65%) Cache: 3.8s/226KB
A: 00:00:07 / 00:00:11 (65%) Cache: 3.8s/225KB
A: 00:00:07 / 00:00:11 (66%) Cache: 3.7s/220KB
A: 00:00:07 / 00:00:11 (66%) Cache: 3.6s/217KB
A: 00:00:07 / 00:00:11 (67%) Cache: 3.6s/212KB
A: 00:00:07 / 00:00:11 (67%) Cache: 3.5s/210KB
A: 00:00:07 / 00:00:11 (68%) Cache: 3.4s/206KB
A: 00:00:07 / 00:00:11 (68%) Cache: 3.4s/203KB
A: 00:00:07 / 00:00:11 (69%) Cache: 3.3s/198KB
A: 00:00:07 / 00:00:11 (69%) Cache: 3.3s/195KB
A: 00:00:08 / 00:00:11 (70%) Cache: 3.2s/190KB
A: 00:00:08 / 00:00:11 (71%) Cache: 3.1s/185KB
A: 00:00:08 / 00:00:11 (71%) Cache: 3.1s/182KB
A: 00:00:08 / 00:00:11 (72%) Cache: 3.0s/179KB
A: 00:00:08 / 00:00:11 (72%) Cache: 3.0s/176KB
A: 00:00:08 / 00:00:11 (73%) Cache: 2.9s/171KB
A: 00:00:08 / 00:00:11 (73%) Cache: 2.9s/175KB
A: 00:00:08 / 00:00:12 (68%) Cache: 3.8s/226KB
A: 00:00:08 / 00:00:12 (68%) Cache: 3.7s/223KB
A: 00:00:08 / 00:00:12 (69%) Cache: 3.7s/218KB
A: 00:00:08 / 00:00:12 (69%) Cache: 3.6s/215KB
A: 00:00:08 / 00:00:12 (70%) Cache: 3.5s/210KB
A: 00:00:08 / 00:00:12 (70%) Cache: 3.5s/207KB
A: 00:00:08 / 00:00:12 (71%) Cache: 3.4s/203KB
A: 00:00:08 / 00:00:12 (71%) Cache: 3.3s/198KB
A: 00:00:08 / 00:00:12 (72%) Cache: 3.3s/195KB
A: 00:00:09 / 00:00:12 (72%) Cache: 3.2s/190KB
A: 00:00:09 / 00:00:12 (73%) Cache: 3.1s/187KB
A: 00:00:09 / 00:00:12 (73%) Cache: 3.1s/182KB
A: 00:00:09 / 00:00:12 (74%) Cache: 3.0s/181KB
A: 00:00:09 / 00:00:12 (74%) Cache: 3.0s/176KB
A: 00:00:09 / 00:00:12 (75%) Cache: 2.9s/173KB
A: 00:00:09 / 00:00:12 (75%) Cache: 2.8s/168KB
A: 00:00:09 / 00:00:13 (70%) Cache: 3.8s/228KB
A: 00:00:09 / 00:00:13 (70%) Cache: 3.7s/223KB
A: 00:00:09 / 00:00:13 (71%) Cache: 3.7s/220KB
A: 00:00:09 / 00:00:13 (71%) Cache: 3.6s/215KB
A: 00:00:09 / 00:00:13 (72%) Cache: 3.6s/212KB
A: 00:00:09 / 00:00:13 (73%) Cache: 3.5s/207KB
A: 00:00:09 / 00:00:13 (73%) Cache: 3.4s/203KB
A: 00:00:09 / 00:00:13 (73%) Cache: 3.3s/200KB
A: 00:00:09 / 00:00:13 (74%) Cache: 3.3s/196KB
A: 00:00:09 / 00:00:13 (74%) Cache: 3.2s/193KB
A: 00:00:10 / 00:00:13 (75%) Cache: 3.2s/189KB
A: 00:00:10 / 00:00:13 (75%) Cache: 3.1s/185KB
A: 00:00:10 / 00:00:13 (76%) Cache: 3.1s/182KB
A: 00:00:10 / 00:00:13 (76%) Cache: 3.0s/179KB
A: 00:00:10 / 00:00:13 (77%) Cache: 2.9s/175KB
A: 00:00:10 / 00:00:13 (75%) Cache: 3.1s/187KB
A: 00:00:10 / 00:00:13 (75%) Cache: 3.3s/196KB
A: 00:00:10 / 00:00:14 (72%) Cache: 3.8s/226KB
A: 00:00:10 / 00:00:14 (73%) Cache: 3.7s/223KB
A: 00:00:10 / 00:00:14 (73%) Cache: 3.7s/220KB
A: 00:00:10 / 00:00:14 (73%) Cache: 3.6s/215KB
A: 00:00:10 / 00:00:14 (74%) Cache: 3.6s/214KB
A: 00:00:10 / 00:00:14 (74%) Cache: 3.5s/209KB
A: 00:00:10 / 00:00:14 (75%) Cache: 3.4s/206KB
A: 00:00:10 / 00:00:14 (75%) Cache: 3.4s/201KB
A: 00:00:10 / 00:00:14 (75%) Cache: 3.3s/200KB
A: 00:00:10 / 00:00:14 (76%) Cache: 3.3s/195KB
A: 00:00:11 / 00:00:14 (76%) Cache: 3.2s/192KB
A: 00:00:11 / 00:00:14 (77%) Cache: 3.1s/187KB
A: 00:00:11 / 00:00:14 (77%) Cache: 3.1s/184KB
A: 00:00:11 / 00:00:14 (77%) Cache: 3.0s/181KB
A: 00:00:11 / 00:00:14 (78%) Cache: 3.0s/178KB
A: 00:00:11 / 00:00:14 (78%) Cache: 2.9s/173KB
A: 00:00:11 / 00:00:14 (79%) Cache: 2.8s/170KB
A: 00:00:11 / 00:00:14 (79%) Cache: 2.8s/167KB
A: 00:00:11 / 00:00:14 (80%) Cache: 2.7s/164KB
A: 00:00:11 / 00:00:14 (80%) Cache: 2.7s/159KB
A: 00:00:11 / 00:00:14 (80%) Cache: 2.6s/156KB
A: 00:00:11 / 00:00:14 (81%) Cache: 2.6s/153KB
A: 00:00:11 / 00:00:14 (81%) Cache: 2.5s/150KB
A: 00:00:11 / 00:00:14 (82%) Cache: 2.4s/145KB
A: 00:00:11 / 00:00:14 (82%) Cache: 2.4s/142KB
A: 00:00:11 / 00:00:14 (82%) Cache: 2.3s/139KB
A: 00:00:11 / 00:00:14 (83%) Cache: 2.3s/135KB
A: 00:00:12 / 00:00:14 (83%) Cache: 2.2s/131KB
A: 00:00:12 / 00:00:14 (84%) Cache: 2.1s/128KB
A: 00:00:12 / 00:00:14 (84%) Cache: 2.1s/123KB
A: 00:00:12 / 00:00:14 (84%) Cache: 2.0s/121KB
A: 00:00:12 / 00:00:14 (85%) Cache: 2.0s/117KB
A: 00:00:12 / 00:00:14 (85%) Cache: 1.9s/114KB
A: 00:00:12 / 00:00:14 (86%) Cache: 1.8s/109KB
A: 00:00:12 / 00:00:14 (86%) Cache: 1.8s/107KB
A: 00:00:12 / 00:00:14 (86%) Cache: 1.7s/103KB
A: 00:00:12 / 00:00:14 (85%) Cache: 2.0s/121KB
A: 00:00:12 / 00:00:14 (85%) Cache: 2.0s/118KB
A: 00:00:12 / 00:00:15 (83%) Cache: 2.4s/145KB
A: 00:00:12 / 00:00:15 (82%) Cache: 2.6s/154KB
A: 00:00:12 / 00:00:16 (77%) Cache: 3.5s/210KB
A: 00:00:12 / 00:00:16 (78%) Cache: 3.4s/206KB
A: 00:00:12 / 00:00:16 (78%) Cache: 3.4s/203KB
A: 00:00:12 / 00:00:16 (78%) Cache: 3.3s/200KB
A: 00:00:13 / 00:00:16 (79%) Cache: 3.3s/196KB
A: 00:00:13 / 00:00:16 (79%) Cache: 3.2s/192KB
A: 00:00:13 / 00:00:16 (79%) Cache: 3.2s/189KB
A: 00:00:13 / 00:00:16 (80%) Cache: 3.1s/185KB
A: 00:00:13 / 00:00:16 (80%) Cache: 3.1s/182KB
A: 00:00:13 / 00:00:16 (81%) Cache: 3.0s/178KB
A: 00:00:13 / 00:00:16 (81%) Cache: 2.9s/175KB
A: 00:00:13 / 00:00:16 (81%) Cache: 2.9s/171KB
A: 00:00:13 / 00:00:16 (82%) Cache: 2.8s/168KB
A: 00:00:13 / 00:00:16 (82%) Cache: 2.7s/164KB
A: 00:00:13 / 00:00:16 (82%) Cache: 2.7s/160KB
A: 00:00:13 / 00:00:16 (83%) Cache: 2.6s/157KB
A: 00:00:13 / 00:00:16 (83%) Cache: 2.6s/154KB
A: 00:00:13 / 00:00:16 (83%) Cache: 2.5s/150KB
A: 00:00:13 / 00:00:16 (84%) Cache: 2.5s/146KB
A: 00:00:13 / 00:00:16 (84%) Cache: 2.4s/142KB
A: 00:00:13 / 00:00:16 (84%) Cache: 2.4s/140KB
A: 00:00:14 / 00:00:16 (85%) Cache: 2.3s/135KB
A: 00:00:14 / 00:00:16 (85%) Cache: 2.2s/132KB
A: 00:00:14 / 00:00:16 (86%) Cache: 2.1s/128KB
A: 00:00:14 / 00:00:16 (86%) Cache: 2.1s/126KB
A: 00:00:14 / 00:00:16 (86%) Cache: 2.0s/121KB
A: 00:00:14 / 00:00:16 (86%) Cache: 2.2s/129KB
A: 00:00:14 / 00:00:16 (85%) Cache: 2.3s/135KB
A: 00:00:14 / 00:00:16 (85%) Cache: 2.2s/134KB
A: 00:00:14 / 00:00:17 (82%) Cache: 2.9s/173KB
A: 00:00:14 / 00:00:17 (82%) Cache: 2.9s/171KB
A: 00:00:14 / 00:00:18 (80%) Cache: 3.5s/209KB
A: 00:00:14 / 00:00:18 (79%) Cache: 3.7s/221KB
A: 00:00:14 / 00:00:18 (79%) Cache: 3.6s/217KB
A: 00:00:14 / 00:00:18 (80%) Cache: 3.6s/214KB
A: 00:00:14 / 00:00:18 (80%) Cache: 3.5s/209KB
A: 00:00:14 / 00:00:18 (80%) Cache: 3.4s/206KB
A: 00:00:14 / 00:00:18 (80%) Cache: 3.4s/203KB
A: 00:00:15 / 00:00:18 (81%) Cache: 3.3s/200KB
A: 00:00:15 / 00:00:18 (81%) Cache: 3.3s/195KB
A: 00:00:15 / 00:00:18 (81%) Cache: 3.2s/192KB
A: 00:00:15 / 00:00:18 (82%) Cache: 3.2s/189KB
A: 00:00:15 / 00:00:18 (82%) Cache: 3.1s/185KB
A: 00:00:15 / 00:00:18 (82%) Cache: 3.0s/181KB
A: 00:00:15 / 00:00:18 (83%) Cache: 3.0s/178KB
A: 00:00:15 / 00:00:18 (83%) Cache: 2.9s/175KB
A: 00:00:15 / 00:00:18 (83%) Cache: 2.9s/171KB
A: 00:00:15 / 00:00:18 (84%) Cache: 2.8s/167KB
A: 00:00:15 / 00:00:18 (84%) Cache: 2.7s/164KB
A: 00:00:15 / 00:00:18 (84%) Cache: 2.7s/159KB
A: 00:00:15 / 00:00:18 (85%) Cache: 2.6s/157KB
A: 00:00:15 / 00:00:18 (85%) Cache: 2.6s/153KB
A: 00:00:15 / 00:00:18 (85%) Cache: 2.5s/148KB
A: 00:00:15 / 00:00:18 (86%) Cache: 2.4s/145KB
A: 00:00:15 / 00:00:18 (86%) Cache: 2.4s/140KB
A: 00:00:16 / 00:00:18 (86%) Cache: 2.3s/137KB
A: 00:00:16 / 00:00:18 (87%) Cache: 2.2s/132KB
A: 00:00:16 / 00:00:18 (87%) Cache: 2.2s/129KB
A: 00:00:16 / 00:00:18 (88%) Cache: 2.1s/125KB
A: 00:00:16 / 00:00:18 (88%) Cache: 2.0s/120KB
A: 00:00:16 / 00:00:18 (88%) Cache: 2.0s/117KB
A: 00:00:16 / 00:00:18 (89%) Cache: 1.9s/114KB
A: 00:00:16 / 00:00:18 (89%) Cache: 1.9s/110KB
A: 00:00:16 / 00:00:18 (88%) Cache: 1.9s/115KB
A: 00:00:16 / 00:00:18 (88%) Cache: 2.1s/125KB
A: 00:00:16 / 00:00:18 (88%) Cache: 2.0s/121KB
A: 00:00:16 / 00:00:19 (85%) Cache: 2.7s/160KB
A: 00:00:16 / 00:00:19 (85%) Cache: 2.6s/157KB
A: 00:00:16 / 00:00:20 (83%) Cache: 3.2s/189KB
A: 00:00:16 / 00:00:20 (82%) Cache: 3.5s/210KB
A: 00:00:16 / 00:00:20 (82%) Cache: 3.4s/206KB
A: 00:00:17 / 00:00:20 (83%) Cache: 3.4s/201KB
A: 00:00:17 / 00:00:20 (83%) Cache: 3.3s/198KB
A: 00:00:17 / 00:00:20 (83%) Cache: 3.2s/193KB
A: 00:00:17 / 00:00:20 (83%) Cache: 3.2s/192KB
A: 00:00:17 / 00:00:20 (84%) Cache: 3.1s/187KB
A: 00:00:17 / 00:00:20 (84%) Cache: 3.1s/184KB
A: 00:00:17 / 00:00:20 (84%) Cache: 3.0s/179KB
A: 00:00:17 / 00:00:20 (85%) Cache: 3.0s/178KB
A: 00:00:17 / 00:00:20 (85%) Cache: 2.9s/173KB
A: 00:00:17 / 00:00:20 (85%) Cache: 2.8s/170KB
A: 00:00:17 / 00:00:20 (85%) Cache: 2.8s/165KB
A: 00:00:17 / 00:00:20 (86%) Cache: 2.7s/164KB
A: 00:00:17 / 00:00:20 (86%) Cache: 2.7s/159KB
A: 00:00:17 / 00:00:20 (86%) Cache: 2.6s/156KB
A: 00:00:17 / 00:00:20 (87%) Cache: 2.5s/151KB
A: 00:00:17 / 00:00:20 (87%) Cache: 2.5s/148KB
A: 00:00:18 / 00:00:20 (87%) Cache: 2.4s/143KB
A: 00:00:18 / 00:00:20 (88%) Cache: 2.3s/139KB
A: 00:00:18 / 00:00:20 (88%) Cache: 2.3s/135KB
A: 00:00:18 / 00:00:20 (88%) Cache: 2.2s/132KB
A: 00:00:18 / 00:00:20 (88%) Cache: 2.2s/129KB
A: 00:00:18 / 00:00:20 (89%) Cache: 2.1s/125KB
A: 00:00:18 / 00:00:20 (88%) Cache: 2.3s/139KB
A: 00:00:18 / 00:00:20 (88%) Cache: 2.3s/135KB
A: 00:00:18 / 00:00:21 (86%) Cache: 2.9s/171KB
A: 00:00:18 / 00:00:21 (86%) Cache: 2.8s/167KB
A: 00:00:18 / 00:00:22 (84%) Cache: 3.3s/198KB
A: 00:00:18 / 00:00:22 (82%) Cache: 3.8s/226KB
A: 00:00:18 / 00:00:22 (83%) Cache: 3.7s/223KB
A: 00:00:18 / 00:00:22 (83%) Cache: 3.7s/218KB
A: 00:00:18 / 00:00:22 (83%) Cache: 3.6s/215KB
A: 00:00:18 / 00:00:22 (83%) Cache: 3.5s/210KB
A: 00:00:18 / 00:00:22 (84%) Cache: 3.5s/209KB
A: 00:00:19 / 00:00:22 (84%) Cache: 3.4s/204KB
A: 00:00:19 / 00:00:22 (84%) Cache: 3.4s/201KB
A: 00:00:19 / 00:00:22 (84%) Cache: 3.3s/196KB
A: 00:00:19 / 00:00:22 (85%) Cache: 3.3s/195KB
A: 00:00:19 / 00:00:22 (85%) Cache: 3.2s/190KB
A: 00:00:19 / 00:00:22 (85%) Cache: 3.1s/187KB
A: 00:00:19 / 00:00:22 (85%) Cache: 3.1s/182KB
A: 00:00:19 / 00:00:22 (86%) Cache: 3.0s/181KB
A: 00:00:19 / 00:00:22 (86%) Cache: 3.0s/176KB
A: 00:00:19 / 00:00:22 (86%) Cache: 2.9s/173KB
A: 00:00:19 / 00:00:22 (86%) Cache: 2.8s/168KB
A: 00:00:19 / 00:00:22 (87%) Cache: 2.8s/165KB
A: 00:00:19 / 00:00:22 (87%) Cache: 2.7s/160KB
A: 00:00:19 / 00:00:22 (87%) Cache: 2.6s/156KB
A: 00:00:19 / 00:00:22 (88%) Cache: 2.6s/153KB
A: 00:00:19 / 00:00:22 (88%) Cache: 2.5s/150KB
A: 00:00:20 / 00:00:22 (88%) Cache: 2.5s/146KB
A: 00:00:20 / 00:00:22 (88%) Cache: 2.4s/142KB
A: 00:00:20 / 00:00:22 (89%) Cache: 2.3s/139KB
A: 00:00:20 / 00:00:22 (89%) Cache: 2.3s/135KB
A: 00:00:20 / 00:00:22 (89%) Cache: 2.2s/132KB
A: 00:00:20 / 00:00:22 (90%) Cache: 2.1s/128KB
A: 00:00:20 / 00:00:22 (90%) Cache: 2.1s/125KB
A: 00:00:20 / 00:00:22 (90%) Cache: 2.0s/120KB
A: 00:00:20 / 00:00:22 (90%) Cache: 2.0s/118KB
A: 00:00:20 / 00:00:22 (91%) Cache: 1.9s/114KB
A: 00:00:20 / 00:00:22 (90%) Cache: 1.9s/115KB
A: 00:00:20 / 00:00:23 (90%) Cache: 2.1s/128KB
A: 00:00:20 / 00:00:23 (89%) Cache: 2.2s/134KB
A: 00:00:20 / 00:00:23 (88%) Cache: 2.7s/160KB
A: 00:00:20 / 00:00:23 (88%) Cache: 2.7s/159KB
A: 00:00:20 / 00:00:23 (88%) Cache: 2.6s/154KB
A: 00:00:20 / 00:00:23 (88%) Cache: 2.6s/153KB
A: 00:00:20 / 00:00:23 (89%) Cache: 2.5s/148KB
A: 00:00:21 / 00:00:23 (89%) Cache: 2.4s/145KB
A: 00:00:21 / 00:00:23 (89%) Cache: 2.4s/140KB
A: 00:00:21 / 00:00:23 (89%) Cache: 2.3s/137KB
A: 00:00:21 / 00:00:23 (90%) Cache: 2.2s/134KB
A: 00:00:21 / 00:00:23 (90%) Cache: 2.2s/131KB
A: 00:00:21 / 00:00:23 (90%) Cache: 2.1s/126KB
A: 00:00:21 / 00:00:24 (88%) Cache: 2.7s/162KB
A: 00:00:21 / 00:00:24 (87%) Cache: 3.0s/181KB
A: 00:00:21 / 00:00:24 (87%) Cache: 3.0s/178KB
A: 00:00:21 / 00:00:24 (87%) Cache: 2.9s/173KB
A: 00:00:21 / 00:00:24 (88%) Cache: 2.8s/170KB
A: 00:00:21 / 00:00:24 (88%) Cache: 2.8s/167KB
A: 00:00:21 / 00:00:24 (88%) Cache: 2.7s/164KB
A: 00:00:21 / 00:00:24 (88%) Cache: 2.7s/159KB
A: 00:00:21 / 00:00:24 (88%) Cache: 2.6s/156KB
A: 00:00:21 / 00:00:24 (89%) Cache: 2.6s/153KB
A: 00:00:21 / 00:00:24 (89%) Cache: 2.5s/150KB
A: 00:00:22 / 00:00:24 (89%) Cache: 2.4s/145KB
A: 00:00:22 / 00:00:24 (89%) Cache: 2.4s/142KB
A: 00:00:22 / 00:00:24 (90%) Cache: 2.3s/137KB
A: 00:00:22 / 00:00:24 (90%) Cache: 2.3s/135KB
A: 00:00:22 / 00:00:24 (90%) Cache: 2.2s/131KB
A: 00:00:22 / 00:00:25 (89%) Cache: 2.5s/150KB
A: 00:00:22 / 00:00:25 (87%) Cache: 3.0s/179KB
A: 00:00:22 / 00:00:25 (88%) Cache: 3.0s/176KB
A: 00:00:22 / 00:00:25 (88%) Cache: 2.9s/175KB
A: 00:00:22 / 00:00:25 (88%) Cache: 2.8s/170KB
A: 00:00:22 / 00:00:25 (88%) Cache: 2.8s/168KB
A: 00:00:22 / 00:00:25 (88%) Cache: 2.7s/164KB
A: 00:00:22 / 00:00:25 (89%) Cache: 2.7s/160KB
A: 00:00:22 / 00:00:25 (89%) Cache: 2.6s/156KB
A: 00:00:22 / 00:00:25 (89%) Cache: 2.6s/153KB
A: 00:00:22 / 00:00:25 (89%) Cache: 2.5s/150KB
A: 00:00:23 / 00:00:25 (89%) Cache: 2.5s/150KB
A: 00:00:23 / 00:00:25 (90%) Cache: 2.4s/145KB
A: 00:00:23 / 00:00:25 (90%) Cache: 2.4s/142KB
A: 00:00:23 / 00:00:25 (90%) Cache: 2.3s/139KB
A: 00:00:23 / 00:00:25 (90%) Cache: 2.3s/135KB
A: 00:00:23 / 00:00:25 (91%) Cache: 2.2s/131KB
A: 00:00:23 / 00:00:25 (91%) Cache: 2.1s/128KB
A: 00:00:23 / 00:00:26 (88%) Cache: 3.1s/184KB
A: 00:00:23 / 00:00:26 (88%) Cache: 3.1s/182KB
A: 00:00:23 / 00:00:26 (88%) Cache: 3.0s/179KB
A: 00:00:23 / 00:00:26 (88%) Cache: 3.0s/176KB
A: 00:00:23 / 00:00:26 (88%) Cache: 2.9s/171KB
A: 00:00:23 / 00:00:26 (89%) Cache: 2.8s/170KB
A: 00:00:23 / 00:00:26 (89%) Cache: 2.8s/165KB
A: 00:00:23 / 00:00:26 (89%) Cache: 2.7s/162KB
A: 00:00:23 / 00:00:26 (89%) Cache: 2.6s/157KB
A: 00:00:23 / 00:00:26 (89%) Cache: 2.6s/156KB
A: 00:00:24 / 00:00:26 (90%) Cache: 2.5s/151KB
A: 00:00:24 / 00:00:26 (90%) Cache: 2.5s/148KB
A: 00:00:24 / 00:00:26 (90%) Cache: 2.4s/143KB
A: 00:00:24 / 00:00:26 (90%) Cache: 2.4s/142KB
A: 00:00:24 / 00:00:26 (91%) Cache: 2.3s/137KB
A: 00:00:24 / 00:00:26 (91%) Cache: 2.2s/134KB
A: 00:00:24 / 00:00:27 (90%) Cache: 2.5s/151KB
A: 00:00:24 / 00:00:27 (88%) Cache: 3.2s/189KB
A: 00:00:24 / 00:00:27 (88%) Cache: 3.1s/184KB
A: 00:00:24 / 00:00:27 (88%) Cache: 3.0s/181KB
A: 00:00:24 / 00:00:27 (89%) Cache: 3.0s/176KB
A: 00:00:24 / 00:00:27 (89%) Cache: 2.9s/173KB
A: 00:00:24 / 00:00:27 (89%) Cache: 2.8s/170KB
A: 00:00:24 / 00:00:27 (89%) Cache: 2.8s/167KB
A: 00:00:24 / 00:00:27 (89%) Cache: 2.7s/162KB
A: 00:00:24 / 00:00:27 (90%) Cache: 2.7s/159KB
A: 00:00:24 / 00:00:27 (90%) Cache: 2.6s/156KB
A: 00:00:25 / 00:00:27 (90%) Cache: 2.6s/153KB
A: 00:00:25 / 00:00:27 (90%) Cache: 2.5s/148KB
A: 00:00:25 / 00:00:27 (90%) Cache: 2.4s/145KB
A: 00:00:25 / 00:00:27 (91%) Cache: 2.4s/142KB
A: 00:00:25 / 00:00:27 (91%) Cache: 2.3s/139KB
A: 00:00:25 / 00:00:27 (91%) Cache: 2.2s/134KB
A: 00:00:25 / 00:00:27 (91%) Cache: 2.2s/131KB
A: 00:00:25 / 00:00:28 (88%) Cache: 3.1s/184KB
A: 00:00:25 / 00:00:28 (88%) Cache: 3.1s/185KB
A: 00:00:25 / 00:00:28 (89%) Cache: 3.1s/182KB
A: 00:00:25 / 00:00:28 (89%) Cache: 3.0s/179KB
A: 00:00:25 / 00:00:28 (89%) Cache: 2.9s/175KB
A: 00:00:25 / 00:00:28 (89%) Cache: 2.9s/173KB
A: 00:00:25 / 00:00:28 (89%) Cache: 2.8s/168KB
A: 00:00:25 / 00:00:28 (90%) Cache: 2.8s/165KB
A: 00:00:25 / 00:00:28 (90%) Cache: 2.7s/160KB
[cplayer] EOF code: 5  
A: 00:00:25 / 00:00:28 (90%) Cache: 2.7s/160KB
[cplayer] Set property: user-data/osc/margins={"b":0,"r":0,"t":0,"l":0} -> 1
A: 00:00:25 / 00:00:28 (90%) Cache: 2.7s/160KB
[cplayer] Forcefully terminating demuxers...
A: 00:00:25 / 00:00:28 (90%) Cache: 2.7s/160KB
[cplayer] finished playback, success (reason 3)
[cplayer] Running hook: ytdl_hook/on_after_end_file
Exiting... (Quit)
mpv process exited with code 4

===== mpv launch 2026-03-14 22:28:10 =====
station_id=difm:ambient
stream_url=http://prem1.di.fm:80/ambient_hi?ca64cdc02f76c2c2
command=mpv --no-video --force-window=no --msg-level=all=v --audio-device=auto --cache-secs=8.0 --idle=yes --no-video --force-window=no --volume=100 http://prem1.di.fm:80/ambient_hi?ca64cdc02f76c2c2
mpv process exited with code -15

===== mpv launch 2026-03-14 22:28:11 =====
station_id=difm:bigroomhouse
stream_url=http://prem4.di.fm:80/bigroomhouse_hi?ca64cdc02f76c2c2
command=mpv --no-video --force-window=no --msg-level=all=v --audio-device=auto --cache-secs=8.0 --idle=yes --no-video --force-window=no --volume=100 http://prem4.di.fm:80/bigroomhouse_hi?ca64cdc02f76c2c2
mpv process exited with code -15

===== mpv launch 2026-03-14 22:28:12 =====
station_id=difm:atmosphericbreaks
stream_url=http://prem1.di.fm:80/atmosphericbreaks_hi?ca64cdc02f76c2c2
command=mpv --no-video --force-window=no --msg-level=all=v --audio-device=auto --cache-secs=8.0 --idle=yes --no-video --force-window=no --volume=100 http://prem1.di.fm:80/atmosphericbreaks_hi?ca64cdc02f76c2c2
[cplayer] Command line options: '--no-video' '--force-window=no' '--msg-level=all=v' '--audio-device=auto' '--cache-secs=8.0' '--idle=yes' '--no-video' '--force-window=no' '--volume=100' 'http://prem1.di.fm:80/atmosphericbreaks_hi?ca64cdc02f76c2c2'
[cplayer] mpv v0.40.0 Copyright © 2000-2025 mpv/MPlayer/mplayer2 projects
[cplayer] libplacebo version: v7.349.0
[cplayer] FFmpeg version: 7.1.2-0+deb13u1 (runtime 7.1.3-0+deb13u1+rpt1)
[cplayer] FFmpeg library versions:
[cplayer]    libavcodec      61.19.101
[cplayer]    libavdevice     61.3.100
[cplayer]    libavfilter     10.4.100
[cplayer]    libavformat     61.7.100
[cplayer]    libavutil       59.39.100
[cplayer]    libswresample   5.3.100
[cplayer]    libswscale      8.3.100
[cplayer] Configuration: -Dpython.bytecompile=-1 -Dlibmpv=true -Dbuild-date=false -Dcdda=enabled -Ddvdnav=enabled -Dsdl2=enabled -Ddvbin=enabled -Dprefix=/usr -Dlibdir=lib/aarch64-linux-gnu -Dlocalstatedir=/var -Dsysconfdir=/etc -Dbuildtype=plain -Dwrap_mode=nodownload
[cplayer] List of enabled features: alsa caca cdda cplugins cuda-hwaccel cuda-interop dmabuf-interop-gl dmabuf-wayland drm dvbin dvdnav egl egl-drm egl-wayland egl-x11 ffmpeg ffnvcodec gbm gl glibc-thread-name glob glob-posix gpl iconv jack javascript jpeg lcms2 libarchive libass libavdevice libbluray libdl libplacebo linux-fstatfs lua52 memfd-create memrchr pipewire posix posix-shm ppoll pthread-condattr-setclock pulse rubberband rubberband-3 sdl2 sdl2-audio sdl2-gamepad sdl2-video sixel sndio sndio-1-9 uchardet vaapi vaapi-drm vaapi-wayland vaapi-x11 vdpau vector vk-khr-display vt.h vulkan wayland wayland-protocols-1-32 wayland-protocols-1-38 wayland-protocols-1-39 wayland-protocols-1-41 x11 xv zimg zimg-st428 zlib
[cplayer] Reading config file /etc/mpv/encoding-profiles.conf
[ifo_dvdnav] Opening /etc/mpv/encoding-profiles.conf
[bdmv/bluray] Opening /etc/mpv/encoding-profiles.conf
[file] Opening /etc/mpv/encoding-profiles.conf
[cplayer] Applying profile 'default'...
[cplayer] Setting option 'video' = 'no' (flags = 8)
[cplayer] Setting option 'force-window' = 'no' (flags = 8)
[cplayer] Setting option 'msg-level' = 'all=v' (flags = 8)
[cplayer] Setting option 'audio-device' = 'auto' (flags = 8)
[cplayer] Setting option 'cache-secs' = '8.0' (flags = 8)
[cplayer] Setting option 'idle' = 'yes' (flags = 8)
[cplayer] Setting option 'video' = 'no' (flags = 8)
[cplayer] Setting option 'force-window' = 'no' (flags = 8)
[cplayer] Setting option 'volume' = '100' (flags = 8)
[clipboard] Initialized vo clipboard backend.
[cplayer] Waiting for scripts...
[cplayer] Set property: user-data/osc/visibility="auto" -> 1
[cplayer] Set property: user-data/osc/margins={"r":0,"b":0,"l":0,"t":0} -> 1
[cplayer] Done loading scripts.
[cplayer] Running hook: auto_profiles/on_before_start_file
[cplayer] Failed sending hook command auto_profiles/on_before_start_file. Removing hook.
[cplayer] Running hook: auto_profiles/on_load
[cplayer] Failed sending hook command auto_profiles/on_load. Removing hook.
[cplayer] Running hook: ytdl_hook/on_load
[cplayer] Running hook: ytdl_hook/on_load
[ytdl_hook] playlist hook
[stream_callback] Opening http://prem1.di.fm:80/atmosphericbreaks_hi?ca64cdc02f76c2c2
[ffmpeg] Opening http://prem1.di.fm:80/atmosphericbreaks_hi?ca64cdc02f76c2c2
[cplayer] Set property: user-data/osc/margins={"r":0,"b":0,"l":0,"t":0} -> 1
[cplayer] Set property: user-data/osc/margins={"r":0,"b":0,"l":0,"t":0} -> 1
[osd/libass] libass API version: 0x1703000
[osd/libass] libass source: tarball: 0.17.3
[osd/libass] Shaper: FriBidi 1.0.15 (SIMPLE) HarfBuzz-ng 10.2.0 (COMPLEX)
[osd/libass] Setting up fonts...
[osd/libass] Using font provider fontconfig
[osd/libass] Done.
[ffmpeg] Could not set AVOption tls_verify='0'
[ffmpeg] Mime-type: 'audio/mpeg'
[demux] Trying demuxers for level=normal.
[lavf] Found 'mp3' at score=1 size=2048.
[lavf] Found 'mp3' at score=25 size=4096.
[lavf] avformat_find_stream_info() finished after 25615 bytes.
[demux] Detected file format: mp3 (libavformat)
[demux] Stream is not seekable.
[cplayer] Opening done: http://prem1.di.fm:80/atmosphericbreaks_hi?ca64cdc02f76c2c2
[cplayer] Running hook: auto_profiles/on_preloaded
[cplayer] Failed sending hook command auto_profiles/on_preloaded. Removing hook.
[cplayer] Running hook: ytdl_hook/on_preloaded
[lavf] select track 0
[lavf] refresh track 0 (audio)
● Audio  --aid=1  (mp3 2ch 44100 Hz 320 kbps)
File tags:
 icy-title: Cold Blue - Reflections (Chill Mix)
[ad] Codec list:
[ad]     mp3float (mp3) - MP3 (MPEG audio layer 3)
[ad]     mp3 - MP3 (MPEG audio layer 3)
[ad] Opening decoder mp3float
[ad] Requesting 1 threads for decoding.
[ad] Selected decoder: mp3float - MP3 (MPEG audio layer 3)
[af] User filter list:
[af]   (empty)
[cplayer] Starting playback...
[af] [in] 44100Hz stereo 2ch floatp
[af] [userspeed] 44100Hz stereo 2ch floatp
[af] [userspeed] (disabled)
[af] [convert] 44100Hz stereo 2ch floatp
[ao] Trying audio driver 'pipewire'
[ao/pipewire] requested format: 44100 Hz, stereo channels, floatp
[ao/pipewire] Headers version: 1.4.2
[ao/pipewire] Library version: 1.4.2
[ao/pipewire] Core user: egorkkk
[ao/pipewire] Core host: pi3
[ao/pipewire] Core version: 1.4.2
[ao/pipewire] Core name: pipewire-0
[ao/pipewire] using soft-buffer of 8820 samples.
AO: [pipewire] 44100Hz stereo 2ch floatp
[cplayer] AO: Description: PipeWire audio output
[af] [convert] (disabled)
[af] [out] 44100Hz stereo 2ch floatp
[cplayer] Set property: user-data/osc/margins={"r":0,"b":0,"l":0,"t":0} -> 1
[cplayer] audio ready
[cplayer] starting audio playback
[cplayer] playback restart complete @ 0.000000, audio=playing, video=eof
A: 00:00:00 / 00:00:01 (0%) Cache: 0.8s/50KB
[cplayer] Set property: user-data/osc/margins={"r":0,"b":0,"l":0,"t":0} -> 1
A: 00:00:00 / 00:00:01 (0%) Cache: 0.8s/50KB
A: 00:00:00 / 00:00:01 (0%) Cache: 0.8s/48KB
A: 00:00:00 / 00:00:02 (2%) Cache: 2.0s/118KB
A: 00:00:00 / 00:00:02 (4%) Cache: 2.0s/117KB
A: 00:00:00 / 00:00:04 (3%) Cache: 3.8s/228KB
A: 00:00:00 / 00:00:04 (5%) Cache: 3.8s/225KB
A: 00:00:00 / 00:00:04 (7%) Cache: 3.7s/220KB
A: 00:00:00 / 00:00:04 (8%) Cache: 3.6s/217KB
A: 00:00:00 / 00:00:04 (10%) Cache: 3.6s/212KB
A: 00:00:00 / 00:00:04 (11%) Cache: 3.5s/210KB
A: 00:00:00 / 00:00:04 (12%) Cache: 3.4s/206KB
A: 00:00:00 / 00:00:04 (14%) Cache: 3.4s/203KB
A: 00:00:00 / 00:00:04 (15%) Cache: 3.3s/198KB
A: 00:00:00 / 00:00:04 (16%) Cache: 3.3s/198KB
A: 00:00:00 / 00:00:04 (18%) Cache: 3.2s/193KB
A: 00:00:00 / 00:00:04 (19%) Cache: 3.2s/190KB
A: 00:00:00 / 00:00:04 (21%) Cache: 3.1s/185KB
A: 00:00:00 / 00:00:04 (22%) Cache: 3.1s/182KB
A: 00:00:01 / 00:00:04 (23%) Cache: 3.1s/184KB
A: 00:00:01 / 00:00:05 (20%) Cache: 3.9s/235KB
A: 00:00:01 / 00:00:05 (22%) Cache: 3.9s/231KB
A: 00:00:01 / 00:00:05 (23%) Cache: 3.8s/226KB
A: 00:00:01 / 00:00:05 (24%) Cache: 3.7s/223KB
A: 00:00:01 / 00:00:05 (26%) Cache: 3.7s/218KB
A: 00:00:01 / 00:00:05 (27%) Cache: 3.6s/215KB
A: 00:00:01 / 00:00:05 (28%) Cache: 3.6s/212KB
A: 00:00:01 / 00:00:05 (29%) Cache: 3.5s/209KB
A: 00:00:01 / 00:00:05 (29%) Cache: 3.5s/207KB
A: 00:00:01 / 00:00:05 (31%) Cache: 3.4s/206KB
A: 00:00:01 / 00:00:05 (31%) Cache: 3.4s/201KB
A: 00:00:01 / 00:00:05 (33%) Cache: 3.3s/200KB
A: 00:00:01 / 00:00:05 (34%) Cache: 3.3s/195KB
A: 00:00:01 / 00:00:05 (35%) Cache: 3.2s/192KB
A: 00:00:01 / 00:00:05 (36%) Cache: 3.1s/187KB
A: 00:00:01 / 00:00:05 (37%) Cache: 3.1s/185KB
A: 00:00:02 / 00:00:06 (32%) Cache: 4.0s/242KB
A: 00:00:02 / 00:00:06 (33%) Cache: 4.0s/239KB
A: 00:00:02 / 00:00:06 (34%) Cache: 3.9s/234KB
A: 00:00:02 / 00:00:06 (35%) Cache: 3.9s/232KB
A: 00:00:02 / 00:00:06 (36%) Cache: 3.8s/228KB
A: 00:00:02 / 00:00:06 (37%) Cache: 3.8s/225KB
A: 00:00:02 / 00:00:06 (38%) Cache: 3.7s/220KB
A: 00:00:02 / 00:00:06 (39%) Cache: 3.6s/217KB
A: 00:00:02 / 00:00:06 (39%) Cache: 3.6s/214KB
A: 00:00:02 / 00:00:06 (40%) Cache: 3.5s/210KB
A: 00:00:02 / 00:00:06 (42%) Cache: 3.4s/206KB
A: 00:00:02 / 00:00:06 (42%) Cache: 3.4s/203KB
A: 00:00:02 / 00:00:06 (43%) Cache: 3.3s/200KB
A: 00:00:02 / 00:00:06 (44%) Cache: 3.3s/196KB
A: 00:00:02 / 00:00:06 (45%) Cache: 3.2s/192KB
A: 00:00:02 / 00:00:06 (46%) Cache: 3.2s/189KB
A: 00:00:02 / 00:00:06 (47%) Cache: 3.1s/185KB
A: 00:00:03 / 00:00:07 (41%) Cache: 4.1s/243KB
A: 00:00:03 / 00:00:07 (42%) Cache: 4.0s/240KB
A: 00:00:03 / 00:00:07 (43%) Cache: 4.0s/237KB
A: 00:00:03 / 00:00:07 (43%) Cache: 3.9s/232KB
A: 00:00:03 / 00:00:07 (44%) Cache: 3.9s/231KB
A: 00:00:03 / 00:00:07 (45%) Cache: 3.8s/226KB
A: 00:00:03 / 00:00:07 (46%) Cache: 3.7s/223KB
A: 00:00:03 / 00:00:07 (47%) Cache: 3.7s/218KB
A: 00:00:03 / 00:00:07 (47%) Cache: 3.6s/217KB
A: 00:00:03 / 00:00:07 (48%) Cache: 3.6s/212KB
A: 00:00:03 / 00:00:07 (49%) Cache: 3.5s/209KB
A: 00:00:03 / 00:00:07 (50%) Cache: 3.4s/204KB
A: 00:00:03 / 00:00:07 (51%) Cache: 3.4s/203KB
A: 00:00:03 / 00:00:07 (51%) Cache: 3.3s/198KB
A: 00:00:03 / 00:00:07 (52%) Cache: 3.3s/195KB
A: 00:00:03 / 00:00:07 (53%) Cache: 3.2s/190KB
A: 00:00:03 / 00:00:07 (52%) Cache: 3.4s/201KB
A: 00:00:03 / 00:00:08 (48%) Cache: 4.1s/245KB
A: 00:00:04 / 00:00:08 (49%) Cache: 4.0s/242KB
[cplayer] EOF code: 5  
A: 00:00:04 / 00:00:08 (49%) Cache: 4.0s/242KB
[cplayer] Set property: user-data/osc/margins={"r":0,"b":0,"l":0,"t":0} -> 1
A: 00:00:04 / 00:00:08 (49%) Cache: 4.0s/242KB
[cplayer] Forcefully terminating demuxers...
A: 00:00:04 / 00:00:08 (49%) Cache: 4.0s/242KB
[cplayer] finished playback, success (reason 3)
[cplayer] Running hook: ytdl_hook/on_after_end_file
Exiting... (Quit)
mpv process exited with code 4

===== mpv launch 2026-03-14 22:28:18 =====
station_id=difm:bassnjackinhouse
stream_url=http://prem4.di.fm:80/bassnjackinhouse_hi?ca64cdc02f76c2c2
command=mpv --no-video --force-window=no --msg-level=all=v --audio-device=auto --cache-secs=8.0 --idle=yes --no-video --force-window=no --volume=100 http://prem4.di.fm:80/bassnjackinhouse_hi?ca64cdc02f76c2c2
mpv process exited with code -15

===== mpv launch 2026-03-14 22:28:18 =====
station_id=difm:bassline
stream_url=http://prem1.di.fm:80/bassline_hi?ca64cdc02f76c2c2
command=mpv --no-video --force-window=no --msg-level=all=v --audio-device=auto --cache-secs=8.0 --idle=yes --no-video --force-window=no --volume=100 http://prem1.di.fm:80/bassline_hi?ca64cdc02f76c2c2
[cplayer] Command line options: '--no-video' '--force-window=no' '--msg-level=all=v' '--audio-device=auto' '--cache-secs=8.0' '--idle=yes' '--no-video' '--force-window=no' '--volume=100' 'http://prem1.di.fm:80/bassline_hi?ca64cdc02f76c2c2'
[cplayer] mpv v0.40.0 Copyright © 2000-2025 mpv/MPlayer/mplayer2 projects
[cplayer] libplacebo version: v7.349.0
[cplayer] FFmpeg version: 7.1.2-0+deb13u1 (runtime 7.1.3-0+deb13u1+rpt1)
[cplayer] FFmpeg library versions:
[cplayer]    libavcodec      61.19.101
[cplayer]    libavdevice     61.3.100
[cplayer]    libavfilter     10.4.100
[cplayer]    libavformat     61.7.100
[cplayer]    libavutil       59.39.100
[cplayer]    libswresample   5.3.100
[cplayer]    libswscale      8.3.100
[cplayer] Configuration: -Dpython.bytecompile=-1 -Dlibmpv=true -Dbuild-date=false -Dcdda=enabled -Ddvdnav=enabled -Dsdl2=enabled -Ddvbin=enabled -Dprefix=/usr -Dlibdir=lib/aarch64-linux-gnu -Dlocalstatedir=/var -Dsysconfdir=/etc -Dbuildtype=plain -Dwrap_mode=nodownload
[cplayer] List of enabled features: alsa caca cdda cplugins cuda-hwaccel cuda-interop dmabuf-interop-gl dmabuf-wayland drm dvbin dvdnav egl egl-drm egl-wayland egl-x11 ffmpeg ffnvcodec gbm gl glibc-thread-name glob glob-posix gpl iconv jack javascript jpeg lcms2 libarchive libass libavdevice libbluray libdl libplacebo linux-fstatfs lua52 memfd-create memrchr pipewire posix posix-shm ppoll pthread-condattr-setclock pulse rubberband rubberband-3 sdl2 sdl2-audio sdl2-gamepad sdl2-video sixel sndio sndio-1-9 uchardet vaapi vaapi-drm vaapi-wayland vaapi-x11 vdpau vector vk-khr-display vt.h vulkan wayland wayland-protocols-1-32 wayland-protocols-1-38 wayland-protocols-1-39 wayland-protocols-1-41 x11 xv zimg zimg-st428 zlib
[cplayer] Reading config file /etc/mpv/encoding-profiles.conf
[ifo_dvdnav] Opening /etc/mpv/encoding-profiles.conf
[bdmv/bluray] Opening /etc/mpv/encoding-profiles.conf
[file] Opening /etc/mpv/encoding-profiles.conf
[cplayer] Applying profile 'default'...
[cplayer] Setting option 'video' = 'no' (flags = 8)
[cplayer] Setting option 'force-window' = 'no' (flags = 8)
[cplayer] Setting option 'msg-level' = 'all=v' (flags = 8)
[cplayer] Setting option 'audio-device' = 'auto' (flags = 8)
[cplayer] Setting option 'cache-secs' = '8.0' (flags = 8)
[cplayer] Setting option 'idle' = 'yes' (flags = 8)
[cplayer] Setting option 'video' = 'no' (flags = 8)
[cplayer] Setting option 'force-window' = 'no' (flags = 8)
[cplayer] Setting option 'volume' = '100' (flags = 8)
[clipboard] Initialized vo clipboard backend.
[cplayer] Waiting for scripts...
[cplayer] Set property: user-data/osc/visibility="auto" -> 1
[cplayer] Set property: user-data/osc/margins={"b":0,"l":0,"t":0,"r":0} -> 1
[cplayer] Done loading scripts.
[cplayer] Running hook: auto_profiles/on_before_start_file
[cplayer] Failed sending hook command auto_profiles/on_before_start_file. Removing hook.
[cplayer] Running hook: auto_profiles/on_load
[cplayer] Failed sending hook command auto_profiles/on_load. Removing hook.
[cplayer] Running hook: ytdl_hook/on_load
[cplayer] Running hook: ytdl_hook/on_load
[ytdl_hook] playlist hook
[cplayer] Set property: user-data/osc/margins={"b":0,"l":0,"t":0,"r":0} -> 1
[stream_callback] Opening http://prem1.di.fm:80/bassline_hi?ca64cdc02f76c2c2
[ffmpeg] Opening http://prem1.di.fm:80/bassline_hi?ca64cdc02f76c2c2
[cplayer] Set property: user-data/osc/margins={"b":0,"l":0,"t":0,"r":0} -> 1
[osd/libass] libass API version: 0x1703000
[osd/libass] libass source: tarball: 0.17.3
[osd/libass] Shaper: FriBidi 1.0.15 (SIMPLE) HarfBuzz-ng 10.2.0 (COMPLEX)
[osd/libass] Setting up fonts...
[osd/libass] Using font provider fontconfig
[osd/libass] Done.
[ffmpeg] Could not set AVOption tls_verify='0'
[ffmpeg] Mime-type: 'audio/mpeg'
[demux] Trying demuxers for level=normal.
[lavf] Found 'mp3' at score=1 size=2048.
[lavf] Found 'mp3' at score=25 size=4096.
[lavf] avformat_find_stream_info() finished after 25651 bytes.
[demux] Detected file format: mp3 (libavformat)
[demux] Stream is not seekable.
[cplayer] Opening done: http://prem1.di.fm:80/bassline_hi?ca64cdc02f76c2c2
[cplayer] Running hook: auto_profiles/on_preloaded
[cplayer] Failed sending hook command auto_profiles/on_preloaded. Removing hook.
[cplayer] Running hook: ytdl_hook/on_preloaded
[lavf] select track 0
[lavf] refresh track 0 (audio)
● Audio  --aid=1  (mp3 2ch 44100 Hz 320 kbps)
File tags:
 icy-title: GLN, Mark Vox - Be Happy
[ad] Codec list:
[ad]     mp3float (mp3) - MP3 (MPEG audio layer 3)
[ad]     mp3 - MP3 (MPEG audio layer 3)
[ad] Opening decoder mp3float
[ad] Requesting 1 threads for decoding.
[ad] Selected decoder: mp3float - MP3 (MPEG audio layer 3)
[af] User filter list:
[af]   (empty)
[cplayer] Starting playback...
[af] [in] 44100Hz stereo 2ch floatp
[af] [userspeed] 44100Hz stereo 2ch floatp
[af] [userspeed] (disabled)
[af] [convert] 44100Hz stereo 2ch floatp
[ao] Trying audio driver 'pipewire'
[ao/pipewire] requested format: 44100 Hz, stereo channels, floatp
[ao/pipewire] Headers version: 1.4.2
[ao/pipewire] Library version: 1.4.2
[ao/pipewire] Core user: egorkkk
[ao/pipewire] Core host: pi3
[ao/pipewire] Core version: 1.4.2
[ao/pipewire] Core name: pipewire-0
[ao/pipewire] using soft-buffer of 8820 samples.
AO: [pipewire] 44100Hz stereo 2ch floatp
[cplayer] AO: Description: PipeWire audio output
[af] [convert] (disabled)
[af] [out] 44100Hz stereo 2ch floatp
[cplayer] audio ready
[cplayer] starting audio playback
[cplayer] playback restart complete @ 0.000000, audio=playing, video=eof
[cplayer] Set property: user-data/osc/margins={"b":0,"l":0,"t":0,"r":0} -> 1
[cplayer] Set property: user-data/osc/margins={"b":0,"l":0,"t":0,"r":0} -> 1
A: 00:00:00 / 00:00:01 (0%) Cache: 0.9s/51KB
A: 00:00:00 / 00:00:02 (0%) Cache: 2.0s/121KB
A: 00:00:00 / 00:00:02 (4%) Cache: 2.0s/117KB
A: 00:00:00 / 00:00:03 (5%) Cache: 2.8s/167KB
A: 00:00:00 / 00:00:03 (7%) Cache: 2.7s/164KB
A: 00:00:00 / 00:00:03 (9%) Cache: 2.7s/159KB
A: 00:00:00 / 00:00:03 (11%) Cache: 2.6s/156KB
A: 00:00:00 / 00:00:03 (13%) Cache: 2.5s/151KB
A: 00:00:00 / 00:00:03 (14%) Cache: 2.5s/150KB
A: 00:00:00 / 00:00:03 (16%) Cache: 2.4s/145KB
A: 00:00:00 / 00:00:03 (18%) Cache: 2.4s/142KB
A: 00:00:00 / 00:00:03 (20%) Cache: 2.3s/139KB
A: 00:00:00 / 00:00:03 (22%) Cache: 2.3s/137KB
A: 00:00:00 / 00:00:03 (24%) Cache: 2.2s/132KB
A: 00:00:00 / 00:00:03 (23%) Cache: 2.5s/150KB
A: 00:00:00 / 00:00:04 (18%) Cache: 3.8s/225KB
A: 00:00:00 / 00:00:05 (18%) Cache: 4.1s/243KB
A: 00:00:00 / 00:00:05 (19%) Cache: 4.0s/239KB
A: 00:00:01 / 00:00:05 (20%) Cache: 3.9s/235KB
A: 00:00:01 / 00:00:05 (21%) Cache: 3.9s/231KB
A: 00:00:01 / 00:00:05 (22%) Cache: 3.8s/229KB
A: 00:00:01 / 00:00:05 (23%) Cache: 3.8s/225KB
A: 00:00:01 / 00:00:05 (25%) Cache: 3.7s/221KB
A: 00:00:01 / 00:00:05 (26%) Cache: 3.6s/217KB
A: 00:00:01 / 00:00:05 (27%) Cache: 3.6s/215KB
A: 00:00:01 / 00:00:05 (29%) Cache: 3.5s/210KB
A: 00:00:01 / 00:00:05 (30%) Cache: 3.4s/206KB
A: 00:00:01 / 00:00:05 (31%) Cache: 3.4s/203KB
A: 00:00:01 / 00:00:05 (32%) Cache: 3.3s/200KB
A: 00:00:01 / 00:00:05 (33%) Cache: 3.3s/196KB
A: 00:00:01 / 00:00:05 (34%) Cache: 3.2s/192KB
A: 00:00:01 / 00:00:05 (35%) Cache: 3.2s/189KB
A: 00:00:01 / 00:00:05 (36%) Cache: 3.1s/185KB
A: 00:00:01 / 00:00:05 (38%) Cache: 3.1s/182KB
A: 00:00:02 / 00:00:05 (39%) Cache: 3.0s/178KB
A: 00:00:02 / 00:00:05 (40%) Cache: 2.9s/175KB
A: 00:00:02 / 00:00:05 (41%) Cache: 2.8s/170KB
[cplayer] EOF code: 5  
A: 00:00:02 / 00:00:05 (41%) Cache: 2.8s/170KB
[cplayer] Set property: user-data/osc/margins={"b":0,"l":0,"t":0,"r":0} -> 1
A: 00:00:02 / 00:00:05 (41%) Cache: 2.8s/170KB
[cplayer] Forcefully terminating demuxers...
A: 00:00:02 / 00:00:05 (41%) Cache: 2.8s/170KB
[cplayer] finished playback, success (reason 3)
[cplayer] Running hook: ytdl_hook/on_after_end_file
Exiting... (Quit)
mpv process exited with code 4

===== mpv launch 2026-03-14 22:28:22 =====
station_id=difm:bigbeat
stream_url=http://prem1.di.fm:80/bigbeat_hi?ca64cdc02f76c2c2
command=mpv --no-video --force-window=no --msg-level=all=v --audio-device=auto --cache-secs=8.0 --idle=yes --no-video --force-window=no --volume=100 http://prem1.di.fm:80/bigbeat_hi?ca64cdc02f76c2c2
mpv process exited with code -15

===== mpv launch 2026-03-14 22:28:23 =====
station_id=difm:breaks
stream_url=http://prem1.di.fm:80/breaks_hi?ca64cdc02f76c2c2
command=mpv --no-video --force-window=no --msg-level=all=v --audio-device=auto --cache-secs=8.0 --idle=yes --no-video --force-window=no --volume=100 http://prem1.di.fm:80/breaks_hi?ca64cdc02f76c2c2
mpv process exited with code -15

===== mpv launch 2026-03-14 22:28:24 =====
station_id=difm:chillstep
stream_url=http://prem1.di.fm:80/chillstep_hi?ca64cdc02f76c2c2
command=mpv --no-video --force-window=no --msg-level=all=v --audio-device=auto --cache-secs=8.0 --idle=yes --no-video --force-window=no --volume=100 http://prem1.di.fm:80/chillstep_hi?ca64cdc02f76c2c2
mpv process exited with code -15

===== mpv launch 2026-03-14 22:28:25 =====
station_id=difm:clubdubstep
stream_url=http://prem1.di.fm:80/clubdubstep_hi?ca64cdc02f76c2c2
command=mpv --no-video --force-window=no --msg-level=all=v --audio-device=auto --cache-secs=8.0 --idle=yes --no-video --force-window=no --volume=100 http://prem1.di.fm:80/clubdubstep_hi?ca64cdc02f76c2c2
[cplayer] Command line options: '--no-video' '--force-window=no' '--msg-level=all=v' '--audio-device=auto' '--cache-secs=8.0' '--idle=yes' '--no-video' '--force-window=no' '--volume=100' 'http://prem1.di.fm:80/clubdubstep_hi?ca64cdc02f76c2c2'
[cplayer] mpv v0.40.0 Copyright © 2000-2025 mpv/MPlayer/mplayer2 projects
[cplayer] libplacebo version: v7.349.0
[cplayer] FFmpeg version: 7.1.2-0+deb13u1 (runtime 7.1.3-0+deb13u1+rpt1)
[cplayer] FFmpeg library versions:
[cplayer]    libavcodec      61.19.101
[cplayer]    libavdevice     61.3.100
[cplayer]    libavfilter     10.4.100
[cplayer]    libavformat     61.7.100
[cplayer]    libavutil       59.39.100
[cplayer]    libswresample   5.3.100
[cplayer]    libswscale      8.3.100
[cplayer] Configuration: -Dpython.bytecompile=-1 -Dlibmpv=true -Dbuild-date=false -Dcdda=enabled -Ddvdnav=enabled -Dsdl2=enabled -Ddvbin=enabled -Dprefix=/usr -Dlibdir=lib/aarch64-linux-gnu -Dlocalstatedir=/var -Dsysconfdir=/etc -Dbuildtype=plain -Dwrap_mode=nodownload
[cplayer] List of enabled features: alsa caca cdda cplugins cuda-hwaccel cuda-interop dmabuf-interop-gl dmabuf-wayland drm dvbin dvdnav egl egl-drm egl-wayland egl-x11 ffmpeg ffnvcodec gbm gl glibc-thread-name glob glob-posix gpl iconv jack javascript jpeg lcms2 libarchive libass libavdevice libbluray libdl libplacebo linux-fstatfs lua52 memfd-create memrchr pipewire posix posix-shm ppoll pthread-condattr-setclock pulse rubberband rubberband-3 sdl2 sdl2-audio sdl2-gamepad sdl2-video sixel sndio sndio-1-9 uchardet vaapi vaapi-drm vaapi-wayland vaapi-x11 vdpau vector vk-khr-display vt.h vulkan wayland wayland-protocols-1-32 wayland-protocols-1-38 wayland-protocols-1-39 wayland-protocols-1-41 x11 xv zimg zimg-st428 zlib
[cplayer] Reading config file /etc/mpv/encoding-profiles.conf
[ifo_dvdnav] Opening /etc/mpv/encoding-profiles.conf
[bdmv/bluray] Opening /etc/mpv/encoding-profiles.conf
[file] Opening /etc/mpv/encoding-profiles.conf
[cplayer] Applying profile 'default'...
[cplayer] Setting option 'video' = 'no' (flags = 8)
[cplayer] Setting option 'force-window' = 'no' (flags = 8)
[cplayer] Setting option 'msg-level' = 'all=v' (flags = 8)
[cplayer] Setting option 'audio-device' = 'auto' (flags = 8)
[cplayer] Setting option 'cache-secs' = '8.0' (flags = 8)
[cplayer] Setting option 'idle' = 'yes' (flags = 8)
[cplayer] Setting option 'video' = 'no' (flags = 8)
[cplayer] Setting option 'force-window' = 'no' (flags = 8)
[cplayer] Setting option 'volume' = '100' (flags = 8)
[clipboard] Initialized vo clipboard backend.
[cplayer] Waiting for scripts...
[cplayer] Set property: user-data/osc/visibility="auto" -> 1
[cplayer] Set property: user-data/osc/margins={"b":0,"l":0,"t":0,"r":0} -> 1
[cplayer] Done loading scripts.
[cplayer] Running hook: auto_profiles/on_before_start_file
[cplayer] Failed sending hook command auto_profiles/on_before_start_file. Removing hook.
[cplayer] Running hook: auto_profiles/on_load
[cplayer] Failed sending hook command auto_profiles/on_load. Removing hook.
[cplayer] Running hook: ytdl_hook/on_load
[cplayer] Running hook: ytdl_hook/on_load
[ytdl_hook] playlist hook
[stream_callback] Opening http://prem1.di.fm:80/clubdubstep_hi?ca64cdc02f76c2c2
[ffmpeg] Opening http://prem1.di.fm:80/clubdubstep_hi?ca64cdc02f76c2c2
[cplayer] Set property: user-data/osc/margins={"b":0,"l":0,"t":0,"r":0} -> 1
[cplayer] Set property: user-data/osc/margins={"b":0,"l":0,"t":0,"r":0} -> 1
[osd/libass] libass API version: 0x1703000
[osd/libass] libass source: tarball: 0.17.3
[osd/libass] Shaper: FriBidi 1.0.15 (SIMPLE) HarfBuzz-ng 10.2.0 (COMPLEX)
[osd/libass] Setting up fonts...
[osd/libass] Using font provider fontconfig
[osd/libass] Done.
[ffmpeg] Could not set AVOption tls_verify='0'
[ffmpeg] Mime-type: 'audio/mpeg'
[demux] Trying demuxers for level=normal.
[lavf] Found 'mp3' at score=1 size=2048.
[lavf] Found 'mp3' at score=25 size=4096.
[lavf] avformat_find_stream_info() finished after 25627 bytes.
[demux] Detected file format: mp3 (libavformat)
[demux] Stream is not seekable.
[cplayer] Opening done: http://prem1.di.fm:80/clubdubstep_hi?ca64cdc02f76c2c2
[cplayer] Running hook: auto_profiles/on_preloaded
[cplayer] Failed sending hook command auto_profiles/on_preloaded. Removing hook.
[cplayer] Running hook: ytdl_hook/on_preloaded
[lavf] select track 0
[lavf] refresh track 0 (audio)
● Audio  --aid=1  (mp3 2ch 44100 Hz 320 kbps)
File tags:
 icy-title: Mitis - Written Emotions (Original Mix)
[ad] Codec list:
[ad]     mp3float (mp3) - MP3 (MPEG audio layer 3)
[ad]     mp3 - MP3 (MPEG audio layer 3)
[ad] Opening decoder mp3float
[ad] Requesting 1 threads for decoding.
[ad] Selected decoder: mp3float - MP3 (MPEG audio layer 3)
[af] User filter list:
[af]   (empty)
[cplayer] Starting playback...
[af] [in] 44100Hz stereo 2ch floatp
[af] [userspeed] 44100Hz stereo 2ch floatp
[af] [userspeed] (disabled)
[af] [convert] 44100Hz stereo 2ch floatp
[ao] Trying audio driver 'pipewire'
[ao/pipewire] requested format: 44100 Hz, stereo channels, floatp
[ao/pipewire] Headers version: 1.4.2
[ao/pipewire] Library version: 1.4.2
[ao/pipewire] Core user: egorkkk
[ao/pipewire] Core host: pi3
[ao/pipewire] Core version: 1.4.2
[ao/pipewire] Core name: pipewire-0
[ao/pipewire] using soft-buffer of 8820 samples.
AO: [pipewire] 44100Hz stereo 2ch floatp
[cplayer] AO: Description: PipeWire audio output
[af] [convert] (disabled)
[af] [out] 44100Hz stereo 2ch floatp
[cplayer] audio ready
[cplayer] starting audio playback
[cplayer] playback restart complete @ 0.000000, audio=playing, video=eof
A: 00:00:00 / 00:00:01 (0%) Cache: 0.8s/50KB
[cplayer] Set property: user-data/osc/margins={"b":0,"l":0,"t":0,"r":0} -> 1
A: 00:00:00 / 00:00:01 (0%) Cache: 0.8s/50KB
[cplayer] Set property: user-data/osc/margins={"b":0,"l":0,"t":0,"r":0} -> 1
A: 00:00:00 / 00:00:01 (0%) Cache: 0.8s/50KB
A: 00:00:00 / 00:00:01 (0%) Cache: 1.4s/84KB
A: 00:00:00 / 00:00:02 (1%) Cache: 1.9s/110KB
A: 00:00:00 / 00:00:03 (3%) Cache: 3.2s/193KB
A: 00:00:00 / 00:00:04 (3%) Cache: 3.8s/228KB
A: 00:00:00 / 00:00:04 (5%) Cache: 3.8s/225KB
A: 00:00:00 / 00:00:04 (7%) Cache: 3.7s/220KB
A: 00:00:00 / 00:00:04 (8%) Cache: 3.6s/217KB
A: 00:00:00 / 00:00:04 (10%) Cache: 3.6s/212KB
A: 00:00:00 / 00:00:04 (12%) Cache: 3.5s/207KB
A: 00:00:00 / 00:00:04 (13%) Cache: 3.4s/204KB
A: 00:00:00 / 00:00:04 (15%) Cache: 3.4s/201KB
A: 00:00:00 / 00:00:04 (16%) Cache: 3.3s/200KB
A: 00:00:00 / 00:00:04 (17%) Cache: 3.3s/195KB
A: 00:00:00 / 00:00:04 (19%) Cache: 3.2s/192KB
A: 00:00:00 / 00:00:04 (20%) Cache: 3.1s/187KB
A: 00:00:00 / 00:00:04 (21%) Cache: 3.1s/185KB
A: 00:00:00 / 00:00:04 (23%) Cache: 3.0s/181KB
A: 00:00:01 / 00:00:04 (22%) Cache: 3.5s/209KB
A: 00:00:01 / 00:00:05 (21%) Cache: 3.9s/232KB
A: 00:00:01 / 00:00:05 (22%) Cache: 3.9s/231KB
A: 00:00:01 / 00:00:05 (23%) Cache: 3.8s/226KB
A: 00:00:01 / 00:00:05 (24%) Cache: 3.7s/223KB
A: 00:00:01 / 00:00:05 (26%) Cache: 3.7s/218KB
A: 00:00:01 / 00:00:05 (26%) Cache: 3.6s/215KB
A: 00:00:01 / 00:00:05 (28%) Cache: 3.6s/212KB
A: 00:00:01 / 00:00:05 (29%) Cache: 3.5s/209KB
A: 00:00:01 / 00:00:05 (30%) Cache: 3.5s/207KB
A: 00:00:01 / 00:00:05 (31%) Cache: 3.4s/204KB
A: 00:00:01 / 00:00:05 (32%) Cache: 3.4s/201KB
A: 00:00:01 / 00:00:05 (33%) Cache: 3.3s/198KB
A: 00:00:01 / 00:00:05 (34%) Cache: 3.2s/193KB
A: 00:00:01 / 00:00:05 (35%) Cache: 3.2s/190KB
A: 00:00:01 / 00:00:05 (36%) Cache: 3.1s/187KB
A: 00:00:01 / 00:00:05 (37%) Cache: 3.1s/184KB
A: 00:00:02 / 00:00:06 (32%) Cache: 4.0s/240KB
A: 00:00:02 / 00:00:06 (33%) Cache: 4.0s/239KB
A: 00:00:02 / 00:00:06 (34%) Cache: 3.9s/234KB
A: 00:00:02 / 00:00:06 (35%) Cache: 3.9s/232KB
A: 00:00:02 / 00:00:06 (36%) Cache: 3.8s/228KB
A: 00:00:02 / 00:00:06 (37%) Cache: 3.8s/225KB
A: 00:00:02 / 00:00:06 (38%) Cache: 3.7s/220KB
A: 00:00:02 / 00:00:06 (38%) Cache: 3.7s/218KB
A: 00:00:02 / 00:00:06 (39%) Cache: 3.6s/214KB
A: 00:00:02 / 00:00:06 (41%) Cache: 3.5s/210KB
A: 00:00:02 / 00:00:06 (41%) Cache: 3.4s/206KB
A: 00:00:02 / 00:00:06 (42%) Cache: 3.4s/204KB
A: 00:00:02 / 00:00:06 (43%) Cache: 3.3s/200KB
A: 00:00:02 / 00:00:06 (44%) Cache: 3.3s/196KB
A: 00:00:02 / 00:00:06 (45%) Cache: 3.2s/192KB
A: 00:00:02 / 00:00:06 (46%) Cache: 3.2s/189KB
A: 00:00:02 / 00:00:06 (47%) Cache: 3.1s/185KB
A: 00:00:03 / 00:00:07 (41%) Cache: 4.1s/243KB
A: 00:00:03 / 00:00:07 (42%) Cache: 4.0s/240KB
A: 00:00:03 / 00:00:07 (43%) Cache: 4.0s/237KB
A: 00:00:03 / 00:00:07 (43%) Cache: 3.9s/234KB
A: 00:00:03 / 00:00:07 (44%) Cache: 3.9s/231KB
A: 00:00:03 / 00:00:07 (45%) Cache: 3.8s/226KB
A: 00:00:03 / 00:00:07 (46%) Cache: 3.7s/223KB
A: 00:00:03 / 00:00:07 (47%) Cache: 3.7s/220KB
A: 00:00:03 / 00:00:07 (47%) Cache: 3.6s/217KB
A: 00:00:03 / 00:00:07 (48%) Cache: 3.6s/212KB
A: 00:00:03 / 00:00:07 (49%) Cache: 3.5s/209KB
A: 00:00:03 / 00:00:07 (50%) Cache: 3.4s/204KB
A: 00:00:03 / 00:00:07 (51%) Cache: 3.4s/203KB
A: 00:00:03 / 00:00:07 (51%) Cache: 3.3s/198KB
A: 00:00:03 / 00:00:07 (52%) Cache: 3.3s/195KB
A: 00:00:03 / 00:00:07 (53%) Cache: 3.2s/190KB
A: 00:00:03 / 00:00:07 (54%) Cache: 3.2s/189KB
A: 00:00:03 / 00:00:07 (50%) Cache: 3.7s/220KB
A: 00:00:04 / 00:00:08 (48%) Cache: 4.0s/242KB
A: 00:00:04 / 00:00:08 (49%) Cache: 4.0s/239KB
A: 00:00:04 / 00:00:08 (50%) Cache: 3.9s/235KB
A: 00:00:04 / 00:00:08 (51%) Cache: 3.9s/231KB
A: 00:00:04 / 00:00:08 (52%) Cache: 3.8s/228KB
A: 00:00:04 / 00:00:08 (52%) Cache: 3.7s/223KB
A: 00:00:04 / 00:00:08 (53%) Cache: 3.7s/221KB
A: 00:00:04 / 00:00:08 (54%) Cache: 3.6s/217KB
A: 00:00:04 / 00:00:08 (54%) Cache: 3.6s/214KB
A: 00:00:04 / 00:00:08 (55%) Cache: 3.5s/209KB
A: 00:00:04 / 00:00:08 (56%) Cache: 3.4s/206KB
A: 00:00:04 / 00:00:08 (56%) Cache: 3.4s/203KB
A: 00:00:04 / 00:00:08 (57%) Cache: 3.3s/200KB
A: 00:00:04 / 00:00:08 (58%) Cache: 3.3s/195KB
A: 00:00:04 / 00:00:08 (59%) Cache: 3.2s/192KB
A: 00:00:04 / 00:00:08 (59%) Cache: 3.2s/189KB
A: 00:00:05 / 00:00:08 (60%) Cache: 3.1s/185KB
A: 00:00:05 / 00:00:08 (61%) Cache: 3.0s/181KB
A: 00:00:05 / 00:00:08 (61%) Cache: 3.0s/178KB
A: 00:00:05 / 00:00:09 (57%) Cache: 3.7s/221KB
A: 00:00:05 / 00:00:09 (56%) Cache: 3.9s/232KB
A: 00:00:05 / 00:00:09 (56%) Cache: 3.8s/229KB
A: 00:00:05 / 00:00:09 (57%) Cache: 3.8s/226KB
A: 00:00:05 / 00:00:09 (58%) Cache: 3.7s/221KB
A: 00:00:05 / 00:00:09 (58%) Cache: 3.7s/220KB
A: 00:00:05 / 00:00:09 (59%) Cache: 3.6s/215KB
A: 00:00:05 / 00:00:09 (60%) Cache: 3.6s/212KB
A: 00:00:05 / 00:00:09 (60%) Cache: 3.5s/207KB
A: 00:00:05 / 00:00:09 (61%) Cache: 3.4s/206KB
A: 00:00:05 / 00:00:09 (61%) Cache: 3.4s/201KB
A: 00:00:05 / 00:00:09 (62%) Cache: 3.3s/198KB
A: 00:00:05 / 00:00:09 (63%) Cache: 3.2s/193KB
A: 00:00:05 / 00:00:09 (63%) Cache: 3.2s/192KB
A: 00:00:05 / 00:00:09 (64%) Cache: 3.1s/187KB
A: 00:00:06 / 00:00:09 (65%) Cache: 3.1s/184KB
A: 00:00:06 / 00:00:09 (65%) Cache: 3.0s/179KB
A: 00:00:06 / 00:00:10 (60%) Cache: 3.9s/235KB
A: 00:00:06 / 00:00:10 (60%) Cache: 3.9s/232KB
A: 00:00:06 / 00:00:10 (61%) Cache: 3.9s/231KB
A: 00:00:06 / 00:00:10 (61%) Cache: 3.8s/226KB
A: 00:00:06 / 00:00:10 (62%) Cache: 3.7s/223KB
A: 00:00:06 / 00:00:10 (62%) Cache: 3.7s/220KB
A: 00:00:06 / 00:00:10 (63%) Cache: 3.6s/217KB
A: 00:00:06 / 00:00:10 (63%) Cache: 3.6s/212KB
A: 00:00:06 / 00:00:10 (64%) Cache: 3.5s/209KB
A: 00:00:06 / 00:00:10 (65%) Cache: 3.4s/206KB
A: 00:00:06 / 00:00:10 (65%) Cache: 3.4s/201KB
A: 00:00:06 / 00:00:10 (66%) Cache: 3.3s/198KB
A: 00:00:06 / 00:00:10 (66%) Cache: 3.3s/195KB
A: 00:00:06 / 00:00:10 (67%) Cache: 3.2s/192KB
A: 00:00:07 / 00:00:10 (68%) Cache: 3.1s/187KB
A: 00:00:07 / 00:00:10 (66%) Cache: 3.4s/203KB
A: 00:00:07 / 00:00:11 (63%) Cache: 4.0s/240KB
A: 00:00:07 / 00:00:11 (63%) Cache: 4.0s/239KB
A: 00:00:07 / 00:00:11 (64%) Cache: 3.9s/234KB
A: 00:00:07 / 00:00:11 (64%) Cache: 3.9s/231KB
A: 00:00:07 / 00:00:11 (65%) Cache: 3.8s/226KB
A: 00:00:07 / 00:00:11 (65%) Cache: 3.8s/225KB
A: 00:00:07 / 00:00:11 (66%) Cache: 3.7s/220KB
A: 00:00:07 / 00:00:11 (66%) Cache: 3.6s/217KB
A: 00:00:07 / 00:00:11 (67%) Cache: 3.6s/212KB
A: 00:00:07 / 00:00:11 (67%) Cache: 3.5s/210KB
A: 00:00:07 / 00:00:11 (68%) Cache: 3.4s/206KB
A: 00:00:07 / 00:00:11 (68%) Cache: 3.4s/203KB
A: 00:00:07 / 00:00:11 (69%) Cache: 3.3s/198KB
A: 00:00:07 / 00:00:11 (69%) Cache: 3.3s/196KB
A: 00:00:07 / 00:00:11 (70%) Cache: 3.2s/192KB
A: 00:00:08 / 00:00:11 (70%) Cache: 3.2s/189KB
A: 00:00:08 / 00:00:12 (66%) Cache: 4.0s/239KB
A: 00:00:08 / 00:00:12 (65%) Cache: 4.1s/243KB
A: 00:00:08 / 00:00:12 (66%) Cache: 4.0s/239KB
A: 00:00:08 / 00:00:12 (66%) Cache: 3.9s/235KB
A: 00:00:08 / 00:00:12 (67%) Cache: 3.9s/231KB
A: 00:00:08 / 00:00:12 (68%) Cache: 3.8s/226KB
A: 00:00:08 / 00:00:12 (68%) Cache: 3.7s/223KB
A: 00:00:08 / 00:00:12 (69%) Cache: 3.7s/218KB
A: 00:00:08 / 00:00:12 (69%) Cache: 3.6s/215KB
A: 00:00:08 / 00:00:12 (70%) Cache: 3.5s/210KB
A: 00:00:08 / 00:00:12 (70%) Cache: 3.5s/207KB
A: 00:00:08 / 00:00:12 (71%) Cache: 3.4s/203KB
A: 00:00:08 / 00:00:12 (71%) Cache: 3.3s/198KB
A: 00:00:08 / 00:00:12 (72%) Cache: 3.3s/195KB
A: 00:00:09 / 00:00:13 (67%) Cache: 4.2s/251KB
A: 00:00:09 / 00:00:13 (67%) Cache: 4.2s/250KB
A: 00:00:09 / 00:00:13 (68%) Cache: 4.1s/245KB
A: 00:00:09 / 00:00:13 (68%) Cache: 4.0s/242KB
A: 00:00:09 / 00:00:13 (69%) Cache: 4.0s/237KB
A: 00:00:09 / 00:00:13 (69%) Cache: 3.9s/234KB
A: 00:00:09 / 00:00:13 (70%) Cache: 3.8s/229KB
A: 00:00:09 / 00:00:13 (70%) Cache: 3.8s/228KB
A: 00:00:09 / 00:00:13 (70%) Cache: 3.7s/223KB
A: 00:00:09 / 00:00:13 (71%) Cache: 3.7s/220KB
A: 00:00:09 / 00:00:13 (71%) Cache: 3.6s/215KB
A: 00:00:09 / 00:00:13 (72%) Cache: 3.6s/214KB
A: 00:00:09 / 00:00:13 (72%) Cache: 3.5s/209KB
A: 00:00:09 / 00:00:13 (73%) Cache: 3.4s/206KB
A: 00:00:09 / 00:00:13 (73%) Cache: 3.4s/201KB
A: 00:00:09 / 00:00:13 (74%) Cache: 3.3s/198KB
A: 00:00:09 / 00:00:14 (70%) Cache: 4.1s/245KB
A: 00:00:10 / 00:00:14 (69%) Cache: 4.2s/250KB
A: 00:00:10 / 00:00:14 (70%) Cache: 4.2s/248KB
A: 00:00:10 / 00:00:14 (70%) Cache: 4.1s/243KB
A: 00:00:10 / 00:00:14 (71%) Cache: 4.0s/240KB
A: 00:00:10 / 00:00:14 (71%) Cache: 3.9s/235KB
A: 00:00:10 / 00:00:14 (72%) Cache: 3.9s/232KB
A: 00:00:10 / 00:00:14 (72%) Cache: 3.8s/228KB
A: 00:00:10 / 00:00:14 (72%) Cache: 3.8s/225KB
A: 00:00:10 / 00:00:14 (73%) Cache: 3.7s/220KB
A: 00:00:10 / 00:00:14 (73%) Cache: 3.6s/215KB
A: 00:00:10 / 00:00:14 (74%) Cache: 3.6s/214KB
A: 00:00:10 / 00:00:14 (74%) Cache: 3.5s/209KB
A: 00:00:10 / 00:00:14 (75%) Cache: 3.4s/206KB
A: 00:00:10 / 00:00:14 (75%) Cache: 3.4s/201KB
A: 00:00:10 / 00:00:14 (74%) Cache: 3.7s/221KB
A: 00:00:10 / 00:00:15 (73%) Cache: 3.9s/234KB
A: 00:00:11 / 00:00:15 (71%) Cache: 4.2s/251KB
A: 00:00:11 / 00:00:15 (72%) Cache: 4.2s/248KB
A: 00:00:11 / 00:00:15 (72%) Cache: 4.1s/245KB
A: 00:00:11 / 00:00:15 (72%) Cache: 4.0s/242KB
A: 00:00:11 / 00:00:15 (73%) Cache: 4.0s/237KB
A: 00:00:11 / 00:00:15 (73%) Cache: 3.9s/232KB
A: 00:00:11 / 00:00:15 (74%) Cache: 3.8s/229KB
A: 00:00:11 / 00:00:15 (74%) Cache: 3.8s/226KB
A: 00:00:11 / 00:00:15 (74%) Cache: 3.7s/223KB
A: 00:00:11 / 00:00:15 (74%) Cache: 3.7s/221KB
A: 00:00:11 / 00:00:15 (75%) Cache: 3.7s/220KB
A: 00:00:11 / 00:00:15 (75%) Cache: 3.6s/215KB
A: 00:00:11 / 00:00:15 (76%) Cache: 3.6s/212KB
A: 00:00:11 / 00:00:15 (76%) Cache: 3.5s/207KB
A: 00:00:11 / 00:00:15 (76%) Cache: 3.4s/204KB
A: 00:00:11 / 00:00:15 (77%) Cache: 3.4s/201KB
A: 00:00:11 / 00:00:15 (75%) Cache: 3.7s/221KB
A: 00:00:12 / 00:00:16 (73%) Cache: 4.3s/254KB
A: 00:00:12 / 00:00:16 (73%) Cache: 4.2s/253KB
A: 00:00:12 / 00:00:16 (73%) Cache: 4.2s/248KB
A: 00:00:12 / 00:00:16 (74%) Cache: 4.1s/246KB
A: 00:00:12 / 00:00:16 (74%) Cache: 4.0s/242KB
A: 00:00:12 / 00:00:16 (75%) Cache: 4.0s/239KB
A: 00:00:12 / 00:00:16 (75%) Cache: 3.9s/234KB
A: 00:00:12 / 00:00:16 (75%) Cache: 3.9s/232KB
A: 00:00:12 / 00:00:16 (76%) Cache: 3.8s/228KB
A: 00:00:12 / 00:00:16 (76%) Cache: 3.8s/225KB
A: 00:00:12 / 00:00:16 (76%) Cache: 3.7s/220KB
A: 00:00:12 / 00:00:16 (77%) Cache: 3.7s/218KB
A: 00:00:12 / 00:00:16 (77%) Cache: 3.6s/214KB
A: 00:00:12 / 00:00:16 (77%) Cache: 3.5s/210KB
A: 00:00:12 / 00:00:16 (78%) Cache: 3.4s/206KB
A: 00:00:12 / 00:00:16 (78%) Cache: 3.4s/203KB
A: 00:00:12 / 00:00:17 (76%) Cache: 3.9s/234KB
A: 00:00:13 / 00:00:17 (74%) Cache: 4.3s/257KB
A: 00:00:13 / 00:00:17 (74%) Cache: 4.3s/254KB
A: 00:00:13 / 00:00:17 (75%) Cache: 4.2s/251KB
A: 00:00:13 / 00:00:17 (75%) Cache: 4.2s/248KB
A: 00:00:13 / 00:00:17 (75%) Cache: 4.1s/245KB
A: 00:00:13 / 00:00:17 (76%) Cache: 4.0s/240KB
A: 00:00:13 / 00:00:17 (76%) Cache: 4.0s/237KB
A: 00:00:13 / 00:00:17 (76%) Cache: 3.9s/234KB
A: 00:00:13 / 00:00:17 (77%) Cache: 3.9s/231KB
A: 00:00:13 / 00:00:17 (77%) Cache: 3.8s/226KB
A: 00:00:13 / 00:00:17 (77%) Cache: 3.7s/223KB
A: 00:00:13 / 00:00:17 (78%) Cache: 3.7s/218KB
A: 00:00:13 / 00:00:17 (78%) Cache: 3.6s/217KB
A: 00:00:13 / 00:00:17 (78%) Cache: 3.6s/212KB
A: 00:00:13 / 00:00:17 (79%) Cache: 3.5s/209KB
A: 00:00:13 / 00:00:17 (79%) Cache: 3.4s/204KB
A: 00:00:13 / 00:00:17 (79%) Cache: 3.4s/203KB
A: 00:00:14 / 00:00:17 (78%) Cache: 3.7s/218KB
A: 00:00:14 / 00:00:18 (76%) Cache: 4.3s/256KB
A: 00:00:14 / 00:00:18 (76%) Cache: 4.2s/253KB
A: 00:00:14 / 00:00:18 (76%) Cache: 4.2s/250KB
A: 00:00:14 / 00:00:18 (77%) Cache: 4.1s/245KB
A: 00:00:14 / 00:00:18 (77%) Cache: 4.0s/242KB
A: 00:00:14 / 00:00:18 (77%) Cache: 4.0s/237KB
A: 00:00:14 / 00:00:18 (78%) Cache: 3.9s/235KB
A: 00:00:14 / 00:00:18 (78%) Cache: 3.9s/231KB
A: 00:00:14 / 00:00:18 (78%) Cache: 3.8s/228KB
A: 00:00:14 / 00:00:18 (79%) Cache: 3.7s/223KB
A: 00:00:14 / 00:00:18 (79%) Cache: 3.7s/220KB
A: 00:00:14 / 00:00:18 (79%) Cache: 3.6s/217KB
A: 00:00:14 / 00:00:18 (80%) Cache: 3.6s/214KB
A: 00:00:14 / 00:00:18 (80%) Cache: 3.5s/209KB
A: 00:00:14 / 00:00:18 (80%) Cache: 3.4s/206KB
A: 00:00:14 / 00:00:18 (80%) Cache: 3.4s/203KB
A: 00:00:14 / 00:00:19 (77%) Cache: 4.4s/260KB
A: 00:00:15 / 00:00:19 (77%) Cache: 4.3s/257KB
A: 00:00:15 / 00:00:19 (77%) Cache: 4.3s/254KB
A: 00:00:15 / 00:00:19 (77%) Cache: 4.2s/251KB
A: 00:00:15 / 00:00:19 (78%) Cache: 4.2s/248KB
A: 00:00:15 / 00:00:19 (78%) Cache: 4.1s/243KB
A: 00:00:15 / 00:00:19 (78%) Cache: 4.0s/240KB
A: 00:00:15 / 00:00:19 (79%) Cache: 3.9s/235KB
A: 00:00:15 / 00:00:19 (79%) Cache: 3.9s/234KB
A: 00:00:15 / 00:00:19 (79%) Cache: 3.8s/229KB
A: 00:00:15 / 00:00:19 (80%) Cache: 3.8s/226KB
A: 00:00:15 / 00:00:19 (80%) Cache: 3.7s/221KB
A: 00:00:15 / 00:00:19 (80%) Cache: 3.7s/220KB
A: 00:00:15 / 00:00:19 (80%) Cache: 3.6s/215KB
A: 00:00:15 / 00:00:19 (81%) Cache: 3.6s/212KB
A: 00:00:15 / 00:00:19 (81%) Cache: 3.5s/207KB
A: 00:00:15 / 00:00:19 (80%) Cache: 3.8s/226KB
A: 00:00:15 / 00:00:20 (78%) Cache: 4.4s/260KB
A: 00:00:16 / 00:00:20 (78%) Cache: 4.3s/259KB
A: 00:00:16 / 00:00:20 (78%) Cache: 4.3s/254KB
A: 00:00:16 / 00:00:20 (78%) Cache: 4.2s/251KB
A: 00:00:16 / 00:00:20 (79%) Cache: 4.2s/248KB
A: 00:00:16 / 00:00:20 (79%) Cache: 4.1s/245KB
A: 00:00:16 / 00:00:20 (79%) Cache: 4.0s/240KB
A: 00:00:16 / 00:00:20 (80%) Cache: 4.0s/237KB
A: 00:00:16 / 00:00:20 (80%) Cache: 3.9s/234KB
A: 00:00:16 / 00:00:20 (80%) Cache: 3.8s/229KB
A: 00:00:16 / 00:00:20 (81%) Cache: 3.8s/226KB
A: 00:00:16 / 00:00:20 (81%) Cache: 3.7s/223KB
A: 00:00:16 / 00:00:20 (81%) Cache: 3.7s/220KB
A: 00:00:16 / 00:00:20 (81%) Cache: 3.6s/215KB
A: 00:00:16 / 00:00:20 (82%) Cache: 3.6s/212KB
A: 00:00:16 / 00:00:20 (82%) Cache: 3.5s/209KB
A: 00:00:16 / 00:00:20 (82%) Cache: 3.4s/206KB
A: 00:00:17 / 00:00:20 (83%) Cache: 3.4s/201KB
A: 00:00:17 / 00:00:20 (83%) Cache: 3.3s/198KB
A: 00:00:17 / 00:00:20 (83%) Cache: 3.3s/200KB
A: 00:00:17 / 00:00:21 (81%) Cache: 3.7s/221KB
A: 00:00:17 / 00:00:21 (81%) Cache: 3.8s/228KB
A: 00:00:17 / 00:00:21 (80%) Cache: 4.1s/245KB
A: 00:00:17 / 00:00:21 (80%) Cache: 4.0s/242KB
A: 00:00:17 / 00:00:21 (81%) Cache: 4.0s/239KB
A: 00:00:17 / 00:00:21 (81%) Cache: 3.9s/234KB
A: 00:00:17 / 00:00:21 (81%) Cache: 3.9s/231KB
A: 00:00:17 / 00:00:21 (81%) Cache: 3.8s/226KB
A: 00:00:17 / 00:00:21 (82%) Cache: 3.8s/225KB
A: 00:00:17 / 00:00:21 (82%) Cache: 3.7s/220KB
A: 00:00:17 / 00:00:21 (82%) Cache: 3.6s/217KB
A: 00:00:17 / 00:00:21 (82%) Cache: 3.6s/212KB
A: 00:00:17 / 00:00:21 (83%) Cache: 3.5s/210KB
A: 00:00:17 / 00:00:21 (83%) Cache: 3.4s/206KB
A: 00:00:18 / 00:00:21 (83%) Cache: 3.4s/203KB
A: 00:00:18 / 00:00:21 (84%) Cache: 3.3s/198KB
A: 00:00:18 / 00:00:22 (81%) Cache: 4.0s/240KB
A: 00:00:18 / 00:00:22 (81%) Cache: 4.0s/237KB
A: 00:00:18 / 00:00:22 (81%) Cache: 4.2s/250KB
A: 00:00:18 / 00:00:22 (81%) Cache: 4.1s/246KB
A: 00:00:18 / 00:00:22 (81%) Cache: 4.1s/243KB
A: 00:00:18 / 00:00:22 (81%) Cache: 4.0s/240KB
A: 00:00:18 / 00:00:22 (82%) Cache: 4.0s/237KB
A: 00:00:18 / 00:00:22 (82%) Cache: 3.9s/232KB
A: 00:00:18 / 00:00:22 (82%) Cache: 3.8s/229KB
A: 00:00:18 / 00:00:22 (82%) Cache: 3.8s/225KB
A: 00:00:18 / 00:00:22 (83%) Cache: 3.7s/221KB
A: 00:00:18 / 00:00:22 (83%) Cache: 3.6s/217KB
A: 00:00:18 / 00:00:22 (83%) Cache: 3.6s/212KB
A: 00:00:18 / 00:00:22 (84%) Cache: 3.5s/209KB
A: 00:00:19 / 00:00:22 (84%) Cache: 3.4s/204KB
A: 00:00:19 / 00:00:22 (84%) Cache: 3.4s/206KB
A: 00:00:19 / 00:00:23 (81%) Cache: 4.3s/257KB
A: 00:00:19 / 00:00:23 (81%) Cache: 4.3s/256KB
A: 00:00:19 / 00:00:23 (81%) Cache: 4.2s/251KB
A: 00:00:19 / 00:00:23 (82%) Cache: 4.2s/248KB
A: 00:00:19 / 00:00:23 (82%) Cache: 4.1s/243KB
A: 00:00:19 / 00:00:23 (82%) Cache: 4.0s/242KB
A: 00:00:19 / 00:00:23 (82%) Cache: 4.0s/237KB
A: 00:00:19 / 00:00:23 (83%) Cache: 3.9s/234KB
A: 00:00:19 / 00:00:23 (83%) Cache: 3.8s/229KB
A: 00:00:19 / 00:00:23 (83%) Cache: 3.8s/228KB
A: 00:00:19 / 00:00:23 (83%) Cache: 3.7s/223KB
A: 00:00:19 / 00:00:23 (84%) Cache: 3.7s/220KB
A: 00:00:19 / 00:00:23 (84%) Cache: 3.6s/215KB
A: 00:00:19 / 00:00:23 (84%) Cache: 3.6s/212KB
A: 00:00:20 / 00:00:23 (84%) Cache: 3.5s/207KB
A: 00:00:20 / 00:00:23 (85%) Cache: 3.4s/203KB
A: 00:00:20 / 00:00:23 (85%) Cache: 3.3s/200KB
A: 00:00:20 / 00:00:23 (85%) Cache: 3.3s/196KB
A: 00:00:20 / 00:00:23 (85%) Cache: 3.2s/193KB
A: 00:00:20 / 00:00:23 (86%) Cache: 3.2s/189KB
A: 00:00:20 / 00:00:23 (86%) Cache: 3.1s/185KB
A: 00:00:20 / 00:00:23 (86%) Cache: 3.0s/181KB
A: 00:00:20 / 00:00:23 (86%) Cache: 3.0s/178KB
A: 00:00:20 / 00:00:23 (87%) Cache: 2.9s/173KB
A: 00:00:20 / 00:00:23 (87%) Cache: 2.8s/168KB
A: 00:00:20 / 00:00:23 (87%) Cache: 2.8s/165KB
A: 00:00:20 / 00:00:23 (88%) Cache: 2.7s/160KB
A: 00:00:20 / 00:00:23 (88%) Cache: 2.6s/157KB
A: 00:00:20 / 00:00:23 (88%) Cache: 2.6s/153KB
A: 00:00:20 / 00:00:23 (88%) Cache: 2.5s/151KB
A: 00:00:21 / 00:00:23 (89%) Cache: 2.5s/146KB
A: 00:00:21 / 00:00:23 (89%) Cache: 2.4s/143KB
A: 00:00:21 / 00:00:23 (89%) Cache: 2.3s/139KB
A: 00:00:21 / 00:00:23 (89%) Cache: 2.3s/137KB
A: 00:00:21 / 00:00:24 (88%) Cache: 2.6s/154KB
A: 00:00:21 / 00:00:24 (88%) Cache: 2.6s/153KB
A: 00:00:21 / 00:00:24 (87%) Cache: 3.0s/178KB
A: 00:00:21 / 00:00:24 (86%) Cache: 3.2s/189KB
A: 00:00:21 / 00:00:25 (83%) Cache: 4.1s/243KB
A: 00:00:21 / 00:00:25 (84%) Cache: 4.0s/240KB
A: 00:00:21 / 00:00:25 (84%) Cache: 3.9s/235KB
A: 00:00:21 / 00:00:25 (84%) Cache: 3.9s/232KB
A: 00:00:21 / 00:00:25 (84%) Cache: 3.8s/229KB
A: 00:00:21 / 00:00:25 (84%) Cache: 3.8s/226KB
A: 00:00:21 / 00:00:25 (85%) Cache: 3.7s/221KB
A: 00:00:21 / 00:00:25 (85%) Cache: 3.7s/218KB
A: 00:00:21 / 00:00:25 (85%) Cache: 3.6s/215KB
A: 00:00:21 / 00:00:25 (85%) Cache: 3.6s/212KB
A: 00:00:22 / 00:00:25 (86%) Cache: 3.5s/207KB
A: 00:00:22 / 00:00:25 (86%) Cache: 3.4s/204KB
A: 00:00:22 / 00:00:25 (86%) Cache: 3.3s/200KB
A: 00:00:22 / 00:00:25 (86%) Cache: 3.3s/195KB
A: 00:00:22 / 00:00:25 (87%) Cache: 3.2s/192KB
A: 00:00:22 / 00:00:25 (87%) Cache: 3.1s/187KB
A: 00:00:22 / 00:00:25 (87%) Cache: 3.1s/185KB
A: 00:00:22 / 00:00:25 (87%) Cache: 3.0s/181KB
A: 00:00:22 / 00:00:25 (88%) Cache: 3.0s/178KB
A: 00:00:22 / 00:00:25 (88%) Cache: 2.9s/173KB
A: 00:00:22 / 00:00:25 (88%) Cache: 2.9s/171KB
A: 00:00:22 / 00:00:25 (88%) Cache: 2.8s/167KB
A: 00:00:22 / 00:00:25 (89%) Cache: 2.7s/164KB
A: 00:00:22 / 00:00:25 (89%) Cache: 2.7s/159KB
A: 00:00:22 / 00:00:25 (89%) Cache: 2.6s/156KB
A: 00:00:22 / 00:00:25 (89%) Cache: 2.7s/162KB
A: 00:00:23 / 00:00:26 (88%) Cache: 2.8s/170KB
A: 00:00:23 / 00:00:26 (88%) Cache: 2.8s/167KB
A: 00:00:23 / 00:00:26 (86%) Cache: 3.5s/207KB
A: 00:00:23 / 00:00:26 (86%) Cache: 3.4s/204KB
A: 00:00:23 / 00:00:27 (84%) Cache: 4.2s/251KB
A: 00:00:23 / 00:00:27 (84%) Cache: 4.1s/246KB
A: 00:00:23 / 00:00:27 (84%) Cache: 4.1s/243KB
A: 00:00:23 / 00:00:27 (85%) Cache: 4.0s/240KB
A: 00:00:23 / 00:00:27 (85%) Cache: 4.0s/237KB
A: 00:00:23 / 00:00:27 (85%) Cache: 3.9s/232KB
A: 00:00:23 / 00:00:27 (85%) Cache: 3.8s/229KB
A: 00:00:23 / 00:00:27 (85%) Cache: 3.8s/226KB
A: 00:00:23 / 00:00:27 (86%) Cache: 3.7s/223KB
A: 00:00:23 / 00:00:27 (86%) Cache: 3.7s/218KB
A: 00:00:23 / 00:00:27 (86%) Cache: 3.6s/217KB
A: 00:00:23 / 00:00:27 (86%) Cache: 3.6s/214KB
A: 00:00:23 / 00:00:27 (86%) Cache: 3.6s/215KB
A: 00:00:24 / 00:00:27 (86%) Cache: 3.5s/210KB
A: 00:00:24 / 00:00:27 (87%) Cache: 3.5s/207KB
A: 00:00:24 / 00:00:27 (87%) Cache: 3.4s/203KB
A: 00:00:24 / 00:00:27 (87%) Cache: 3.4s/201KB
A: 00:00:24 / 00:00:27 (87%) Cache: 3.3s/196KB
A: 00:00:24 / 00:00:27 (88%) Cache: 3.2s/193KB
A: 00:00:24 / 00:00:27 (88%) Cache: 3.2s/189KB
A: 00:00:24 / 00:00:27 (88%) Cache: 3.1s/187KB
A: 00:00:24 / 00:00:27 (88%) Cache: 3.1s/182KB
A: 00:00:24 / 00:00:27 (88%) Cache: 3.0s/179KB
A: 00:00:24 / 00:00:27 (89%) Cache: 2.9s/175KB
A: 00:00:24 / 00:00:27 (89%) Cache: 2.9s/173KB
A: 00:00:24 / 00:00:27 (89%) Cache: 2.8s/168KB
A: 00:00:24 / 00:00:27 (89%) Cache: 2.7s/164KB
A: 00:00:24 / 00:00:27 (89%) Cache: 2.7s/160KB
A: 00:00:24 / 00:00:27 (90%) Cache: 2.6s/157KB
A: 00:00:24 / 00:00:27 (90%) Cache: 2.6s/154KB
A: 00:00:25 / 00:00:27 (90%) Cache: 2.5s/150KB
A: 00:00:25 / 00:00:27 (90%) Cache: 2.5s/146KB
A: 00:00:25 / 00:00:27 (90%) Cache: 2.6s/153KB
A: 00:00:25 / 00:00:28 (90%) Cache: 2.7s/160KB
A: 00:00:25 / 00:00:28 (90%) Cache: 2.6s/157KB
A: 00:00:25 / 00:00:28 (88%) Cache: 3.3s/198KB
A: 00:00:25 / 00:00:28 (88%) Cache: 3.3s/196KB
A: 00:00:25 / 00:00:29 (86%) Cache: 3.8s/225KB
A: 00:00:25 / 00:00:29 (85%) Cache: 4.1s/245KB
A: 00:00:25 / 00:00:29 (86%) Cache: 4.0s/242KB
A: 00:00:25 / 00:00:29 (86%) Cache: 4.0s/239KB
A: 00:00:25 / 00:00:29 (86%) Cache: 3.9s/234KB
A: 00:00:25 / 00:00:29 (86%) Cache: 3.9s/232KB
A: 00:00:25 / 00:00:29 (86%) Cache: 3.8s/228KB
A: 00:00:25 / 00:00:29 (87%) Cache: 3.8s/225KB
A: 00:00:25 / 00:00:29 (87%) Cache: 3.7s/220KB
A: 00:00:25 / 00:00:29 (87%) Cache: 3.7s/218KB
A: 00:00:25 / 00:00:29 (87%) Cache: 3.6s/215KB
A: 00:00:26 / 00:00:29 (87%) Cache: 3.6s/214KB
A: 00:00:26 / 00:00:29 (87%) Cache: 3.5s/209KB
A: 00:00:26 / 00:00:29 (88%) Cache: 3.4s/206KB
A: 00:00:26 / 00:00:29 (88%) Cache: 3.4s/203KB
A: 00:00:26 / 00:00:29 (88%) Cache: 3.3s/200KB
A: 00:00:26 / 00:00:29 (88%) Cache: 3.3s/195KB
A: 00:00:26 / 00:00:29 (88%) Cache: 3.2s/192KB
A: 00:00:26 / 00:00:29 (89%) Cache: 3.2s/189KB
A: 00:00:26 / 00:00:29 (89%) Cache: 3.1s/185KB
A: 00:00:26 / 00:00:29 (89%) Cache: 3.0s/181KB
A: 00:00:26 / 00:00:29 (89%) Cache: 3.0s/178KB
A: 00:00:26 / 00:00:29 (89%) Cache: 2.9s/175KB
A: 00:00:26 / 00:00:29 (90%) Cache: 2.9s/171KB
A: 00:00:26 / 00:00:29 (90%) Cache: 2.8s/167KB
A: 00:00:26 / 00:00:29 (90%) Cache: 2.7s/164KB
A: 00:00:26 / 00:00:29 (90%) Cache: 2.7s/160KB
A: 00:00:26 / 00:00:29 (90%) Cache: 2.6s/157KB
A: 00:00:27 / 00:00:29 (91%) Cache: 2.6s/153KB
A: 00:00:27 / 00:00:29 (91%) Cache: 2.5s/150KB
A: 00:00:27 / 00:00:29 (91%) Cache: 2.4s/145KB
A: 00:00:27 / 00:00:29 (91%) Cache: 2.4s/143KB
A: 00:00:27 / 00:00:29 (91%) Cache: 2.3s/139KB
A: 00:00:27 / 00:00:30 (90%) Cache: 2.6s/157KB
A: 00:00:27 / 00:00:30 (91%) Cache: 2.6s/154KB
A: 00:00:27 / 00:00:30 (89%) Cache: 3.2s/189KB
A: 00:00:27 / 00:00:30 (89%) Cache: 3.1s/184KB
A: 00:00:27 / 00:00:30 (89%) Cache: 3.0s/181KB
A: 00:00:27 / 00:00:30 (90%) Cache: 3.0s/176KB
A: 00:00:27 / 00:00:30 (90%) Cache: 2.9s/175KB
A: 00:00:27 / 00:00:30 (90%) Cache: 2.8s/170KB
A: 00:00:27 / 00:00:30 (90%) Cache: 2.8s/167KB
A: 00:00:27 / 00:00:30 (90%) Cache: 2.7s/162KB
A: 00:00:27 / 00:00:30 (90%) Cache: 2.7s/164KB
A: 00:00:27 / 00:00:30 (91%) Cache: 2.7s/159KB
A: 00:00:28 / 00:00:30 (91%) Cache: 2.6s/156KB
A: 00:00:28 / 00:00:31 (88%) Cache: 3.6s/212KB
A: 00:00:28 / 00:00:31 (88%) Cache: 3.5s/210KB
A: 00:00:28 / 00:00:31 (88%) Cache: 3.4s/206KB
A: 00:00:28 / 00:00:31 (89%) Cache: 3.4s/204KB
A: 00:00:28 / 00:00:31 (89%) Cache: 3.3s/200KB
A: 00:00:28 / 00:00:31 (89%) Cache: 3.3s/196KB
A: 00:00:28 / 00:00:31 (89%) Cache: 3.2s/193KB
A: 00:00:28 / 00:00:31 (89%) Cache: 3.2s/190KB
A: 00:00:28 / 00:00:31 (90%) Cache: 3.1s/185KB
A: 00:00:28 / 00:00:31 (90%) Cache: 3.1s/182KB
A: 00:00:28 / 00:00:31 (90%) Cache: 3.0s/179KB
A: 00:00:28 / 00:00:31 (90%) Cache: 3.0s/176KB
A: 00:00:28 / 00:00:31 (90%) Cache: 2.9s/171KB
A: 00:00:28 / 00:00:31 (90%) Cache: 2.8s/168KB
A: 00:00:28 / 00:00:31 (91%) Cache: 2.7s/164KB
A: 00:00:28 / 00:00:31 (91%) Cache: 2.7s/162KB
A: 00:00:29 / 00:00:32 (90%) Cache: 3.1s/182KB
A: 00:00:29 / 00:00:32 (89%) Cache: 3.4s/203KB
A: 00:00:29 / 00:00:32 (89%) Cache: 3.3s/200KB
A: 00:00:29 / 00:00:32 (89%) Cache: 3.5s/209KB
A: 00:00:29 / 00:00:32 (89%) Cache: 3.4s/206KB
A: 00:00:29 / 00:00:32 (89%) Cache: 3.4s/203KB
A: 00:00:29 / 00:00:32 (89%) Cache: 3.3s/198KB
A: 00:00:29 / 00:00:32 (89%) Cache: 3.3s/195KB
A: 00:00:29 / 00:00:32 (90%) Cache: 3.2s/190KB
A: 00:00:29 / 00:00:32 (90%) Cache: 3.1s/187KB
A: 00:00:29 / 00:00:32 (90%) Cache: 3.1s/182KB
A: 00:00:29 / 00:00:32 (90%) Cache: 3.0s/181KB
A: 00:00:29 / 00:00:32 (90%) Cache: 3.0s/176KB
A: 00:00:29 / 00:00:32 (91%) Cache: 2.9s/173KB
A: 00:00:29 / 00:00:32 (91%) Cache: 2.8s/168KB
A: 00:00:29 / 00:00:32 (91%) Cache: 2.8s/165KB
A: 00:00:30 / 00:00:33 (89%) Cache: 3.5s/207KB
A: 00:00:30 / 00:00:33 (89%) Cache: 3.4s/203KB
A: 00:00:30 / 00:00:33 (89%) Cache: 3.6s/214KB
A: 00:00:30 / 00:00:33 (89%) Cache: 3.5s/210KB
A: 00:00:30 / 00:00:33 (89%) Cache: 3.5s/207KB
A: 00:00:30 / 00:00:33 (89%) Cache: 3.4s/203KB
A: 00:00:30 / 00:00:33 (89%) Cache: 3.3s/200KB
A: 00:00:30 / 00:00:33 (90%) Cache: 3.3s/196KB
A: 00:00:30 / 00:00:33 (90%) Cache: 3.2s/193KB
A: 00:00:30 / 00:00:33 (90%) Cache: 3.2s/189KB
A: 00:00:30 / 00:00:33 (90%) Cache: 3.1s/185KB
A: 00:00:30 / 00:00:33 (90%) Cache: 3.0s/181KB
A: 00:00:30 / 00:00:33 (91%) Cache: 3.0s/179KB
A: 00:00:30 / 00:00:33 (91%) Cache: 2.9s/175KB
A: 00:00:30 / 00:00:33 (91%) Cache: 2.9s/171KB
A: 00:00:30 / 00:00:33 (91%) Cache: 2.8s/167KB
A: 00:00:30 / 00:00:33 (91%) Cache: 2.8s/165KB
A: 00:00:30 / 00:00:34 (89%) Cache: 3.5s/210KB
A: 00:00:31 / 00:00:34 (89%) Cache: 3.5s/209KB
A: 00:00:31 / 00:00:34 (89%) Cache: 3.6s/215KB
A: 00:00:31 / 00:00:34 (89%) Cache: 3.6s/214KB
A: 00:00:31 / 00:00:34 (89%) Cache: 3.5s/209KB
A: 00:00:31 / 00:00:34 (90%) Cache: 3.4s/206KB
A: 00:00:31 / 00:00:34 (90%) Cache: 3.4s/201KB
A: 00:00:31 / 00:00:34 (90%) Cache: 3.3s/198KB
A: 00:00:31 / 00:00:34 (90%) Cache: 3.3s/195KB
A: 00:00:31 / 00:00:34 (90%) Cache: 3.2s/192KB
A: 00:00:31 / 00:00:34 (90%) Cache: 3.1s/187KB
A: 00:00:31 / 00:00:34 (91%) Cache: 3.1s/184KB
A: 00:00:31 / 00:00:34 (91%) Cache: 3.0s/181KB
A: 00:00:31 / 00:00:34 (91%) Cache: 3.0s/178KB
A: 00:00:31 / 00:00:34 (91%) Cache: 2.9s/173KB
A: 00:00:31 / 00:00:34 (91%) Cache: 2.8s/170KB
A: 00:00:31 / 00:00:34 (91%) Cache: 2.8s/167KB
A: 00:00:31 / 00:00:34 (92%) Cache: 2.7s/164KB
A: 00:00:32 / 00:00:35 (91%) Cache: 2.8s/170KB
A: 00:00:32 / 00:00:35 (90%) Cache: 3.4s/206KB
A: 00:00:32 / 00:00:35 (90%) Cache: 3.4s/203KB
A: 00:00:32 / 00:00:35 (90%) Cache: 3.5s/209KB
A: 00:00:32 / 00:00:35 (90%) Cache: 3.4s/206KB
A: 00:00:32 / 00:00:35 (90%) Cache: 3.4s/203KB
A: 00:00:32 / 00:00:35 (90%) Cache: 3.3s/198KB
A: 00:00:32 / 00:00:35 (90%) Cache: 3.3s/196KB
A: 00:00:32 / 00:00:35 (90%) Cache: 3.2s/192KB
A: 00:00:32 / 00:00:35 (91%) Cache: 3.2s/189KB
A: 00:00:32 / 00:00:35 (91%) Cache: 3.1s/184KB
A: 00:00:32 / 00:00:35 (91%) Cache: 3.1s/182KB
A: 00:00:32 / 00:00:35 (91%) Cache: 3.0s/181KB
A: 00:00:32 / 00:00:35 (91%) Cache: 3.0s/178KB
A: 00:00:32 / 00:00:35 (91%) Cache: 2.9s/173KB
A: 00:00:32 / 00:00:35 (91%) Cache: 2.8s/170KB
A: 00:00:32 / 00:00:35 (92%) Cache: 2.8s/165KB
A: 00:00:33 / 00:00:36 (90%) Cache: 3.4s/206KB
A: 00:00:33 / 00:00:37 (89%) Cache: 3.7s/220KB
A: 00:00:33 / 00:00:37 (90%) Cache: 3.6s/217KB
A: 00:00:33 / 00:00:37 (90%) Cache: 3.6s/214KB
A: 00:00:33 / 00:00:37 (90%) Cache: 3.5s/210KB
A: 00:00:33 / 00:00:37 (90%) Cache: 3.4s/206KB
A: 00:00:33 / 00:00:37 (90%) Cache: 3.4s/203KB
A: 00:00:33 / 00:00:37 (90%) Cache: 3.3s/200KB
A: 00:00:33 / 00:00:37 (91%) Cache: 3.3s/196KB
A: 00:00:33 / 00:00:37 (91%) Cache: 3.2s/192KB
A: 00:00:33 / 00:00:37 (91%) Cache: 3.2s/189KB
A: 00:00:33 / 00:00:37 (91%) Cache: 3.1s/185KB
A: 00:00:33 / 00:00:37 (91%) Cache: 3.1s/182KB
A: 00:00:33 / 00:00:37 (91%) Cache: 3.0s/178KB
A: 00:00:33 / 00:00:37 (91%) Cache: 2.9s/175KB
A: 00:00:33 / 00:00:37 (92%) Cache: 2.8s/170KB
A: 00:00:34 / 00:00:37 (90%) Cache: 3.6s/215KB
A: 00:00:34 / 00:00:37 (90%) Cache: 3.6s/212KB
A: 00:00:34 / 00:00:38 (90%) Cache: 3.7s/220KB
A: 00:00:34 / 00:00:38 (90%) Cache: 3.6s/217KB
A: 00:00:34 / 00:00:38 (90%) Cache: 3.6s/215KB
A: 00:00:34 / 00:00:38 (90%) Cache: 3.5s/210KB
A: 00:00:34 / 00:00:38 (90%) Cache: 3.5s/207KB
A: 00:00:34 / 00:00:38 (90%) Cache: 3.4s/203KB
A: 00:00:34 / 00:00:38 (91%) Cache: 3.4s/201KB
A: 00:00:34 / 00:00:38 (91%) Cache: 3.3s/196KB
A: 00:00:34 / 00:00:38 (91%) Cache: 3.2s/193KB
A: 00:00:34 / 00:00:38 (91%) Cache: 3.2s/189KB
A: 00:00:34 / 00:00:38 (91%) Cache: 3.1s/187KB
A: 00:00:34 / 00:00:38 (91%) Cache: 3.1s/182KB
A: 00:00:34 / 00:00:38 (92%) Cache: 3.0s/179KB
A: 00:00:34 / 00:00:38 (92%) Cache: 2.9s/175KB
A: 00:00:34 / 00:00:38 (92%) Cache: 2.9s/171KB
A: 00:00:34 / 00:00:38 (92%) Cache: 2.8s/168KB
A: 00:00:35 / 00:00:38 (92%) Cache: 2.7s/164KB
A: 00:00:35 / 00:00:38 (92%) Cache: 2.7s/160KB
A: 00:00:35 / 00:00:38 (92%) Cache: 3.0s/178KB
A: 00:00:35 / 00:00:38 (91%) Cache: 3.4s/204KB
A: 00:00:35 / 00:00:38 (91%) Cache: 3.4s/201KB
A: 00:00:35 / 00:00:39 (90%) Cache: 3.5s/207KB
A: 00:00:35 / 00:00:39 (91%) Cache: 3.4s/206KB
A: 00:00:35 / 00:00:39 (91%) Cache: 3.4s/201KB
A: 00:00:35 / 00:00:39 (91%) Cache: 3.3s/200KB
A: 00:00:35 / 00:00:39 (91%) Cache: 3.3s/195KB
A: 00:00:35 / 00:00:39 (91%) Cache: 3.2s/192KB
A: 00:00:35 / 00:00:39 (91%) Cache: 3.1s/187KB
A: 00:00:35 / 00:00:39 (92%) Cache: 3.1s/182KB
A: 00:00:35 / 00:00:39 (92%) Cache: 3.0s/179KB
A: 00:00:35 / 00:00:39 (92%) Cache: 2.9s/175KB
A: 00:00:35 / 00:00:39 (92%) Cache: 2.9s/173KB
A: 00:00:36 / 00:00:39 (92%) Cache: 2.8s/168KB
A: 00:00:36 / 00:00:39 (92%) Cache: 2.8s/165KB
A: 00:00:36 / 00:00:39 (92%) Cache: 2.7s/160KB
A: 00:00:36 / 00:00:39 (92%) Cache: 3.1s/187KB
A: 00:00:36 / 00:00:39 (91%) Cache: 3.4s/204KB
A: 00:00:36 / 00:00:39 (91%) Cache: 3.4s/203KB
A: 00:00:36 / 00:00:40 (91%) Cache: 3.5s/209KB
A: 00:00:36 / 00:00:40 (91%) Cache: 3.4s/206KB
A: 00:00:36 / 00:00:40 (91%) Cache: 3.4s/203KB
A: 00:00:36 / 00:00:40 (91%) Cache: 3.3s/200KB
A: 00:00:36 / 00:00:40 (91%) Cache: 3.3s/195KB
A: 00:00:36 / 00:00:40 (91%) Cache: 3.2s/192KB
A: 00:00:36 / 00:00:40 (92%) Cache: 3.2s/189KB
A: 00:00:36 / 00:00:40 (92%) Cache: 3.1s/185KB
A: 00:00:36 / 00:00:40 (92%) Cache: 3.0s/181KB
A: 00:00:36 / 00:00:40 (92%) Cache: 3.0s/178KB
A: 00:00:36 / 00:00:40 (92%) Cache: 2.9s/175KB
A: 00:00:36 / 00:00:40 (92%) Cache: 2.9s/171KB
A: 00:00:37 / 00:00:40 (92%) Cache: 2.8s/167KB
A: 00:00:37 / 00:00:40 (91%) Cache: 3.4s/203KB
A: 00:00:37 / 00:00:41 (90%) Cache: 3.7s/218KB
A: 00:00:37 / 00:00:41 (91%) Cache: 3.6s/217KB
A: 00:00:37 / 00:00:41 (91%) Cache: 3.6s/212KB
A: 00:00:37 / 00:00:41 (91%) Cache: 3.5s/209KB
A: 00:00:37 / 00:00:41 (91%) Cache: 3.4s/204KB
A: 00:00:37 / 00:00:41 (91%) Cache: 3.4s/203KB
A: 00:00:37 / 00:00:41 (91%) Cache: 3.3s/198KB
A: 00:00:37 / 00:00:41 (92%) Cache: 3.3s/195KB
A: 00:00:37 / 00:00:41 (92%) Cache: 3.2s/193KB
A: 00:00:37 / 00:00:41 (92%) Cache: 3.2s/192KB
A: 00:00:37 / 00:00:41 (92%) Cache: 3.1s/187KB
A: 00:00:37 / 00:00:41 (92%) Cache: 3.1s/184KB
A: 00:00:37 / 00:00:41 (92%) Cache: 3.0s/179KB
A: 00:00:37 / 00:00:41 (92%) Cache: 3.0s/178KB
A: 00:00:37 / 00:00:41 (92%) Cache: 2.9s/173KB
A: 00:00:38 / 00:00:41 (93%) Cache: 2.8s/170KB
A: 00:00:38 / 00:00:41 (91%) Cache: 3.6s/215KB
A: 00:00:38 / 00:00:41 (91%) Cache: 3.6s/214KB
A: 00:00:38 / 00:00:42 (91%) Cache: 3.7s/220KB
A: 00:00:38 / 00:00:42 (91%) Cache: 3.7s/218KB
A: 00:00:38 / 00:00:42 (91%) Cache: 3.6s/214KB
A: 00:00:38 / 00:00:42 (91%) Cache: 3.5s/210KB
A: 00:00:38 / 00:00:42 (91%) Cache: 3.5s/207KB
A: 00:00:38 / 00:00:42 (91%) Cache: 3.4s/204KB
A: 00:00:38 / 00:00:42 (92%) Cache: 3.3s/200KB
A: 00:00:38 / 00:00:42 (92%) Cache: 3.3s/196KB
A: 00:00:38 / 00:00:42 (92%) Cache: 3.2s/193KB
A: 00:00:38 / 00:00:42 (92%) Cache: 3.2s/190KB
A: 00:00:38 / 00:00:42 (92%) Cache: 3.1s/185KB
A: 00:00:38 / 00:00:42 (92%) Cache: 3.1s/182KB
A: 00:00:38 / 00:00:42 (92%) Cache: 3.0s/178KB
A: 00:00:38 / 00:00:42 (92%) Cache: 3.0s/176KB
A: 00:00:39 / 00:00:42 (92%) Cache: 3.1s/182KB
A: 00:00:39 / 00:00:43 (91%) Cache: 3.8s/229KB
A: 00:00:39 / 00:00:43 (91%) Cache: 3.8s/226KB
A: 00:00:39 / 00:00:43 (91%) Cache: 3.7s/223KB
A: 00:00:39 / 00:00:43 (91%) Cache: 3.7s/218KB
A: 00:00:39 / 00:00:43 (91%) Cache: 3.6s/215KB
A: 00:00:39 / 00:00:43 (91%) Cache: 3.5s/210KB
A: 00:00:39 / 00:00:43 (91%) Cache: 3.5s/209KB
A: 00:00:39 / 00:00:43 (92%) Cache: 3.4s/204KB
A: 00:00:39 / 00:00:43 (92%) Cache: 3.4s/201KB
A: 00:00:39 / 00:00:43 (92%) Cache: 3.3s/196KB
A: 00:00:39 / 00:00:43 (92%) Cache: 3.3s/195KB
A: 00:00:39 / 00:00:43 (92%) Cache: 3.2s/190KB
A: 00:00:39 / 00:00:43 (92%) Cache: 3.1s/187KB
A: 00:00:39 / 00:00:43 (92%) Cache: 3.1s/182KB
A: 00:00:39 / 00:00:43 (92%) Cache: 3.0s/179KB
A: 00:00:39 / 00:00:43 (93%) Cache: 3.0s/176KB
A: 00:00:40 / 00:00:43 (91%) Cache: 3.7s/218KB
A: 00:00:40 / 00:00:43 (91%) Cache: 3.7s/220KB
A: 00:00:40 / 00:00:43 (91%) Cache: 3.6s/217KB
A: 00:00:40 / 00:00:44 (91%) Cache: 3.8s/225KB
A: 00:00:40 / 00:00:44 (91%) Cache: 3.7s/221KB
A: 00:00:40 / 00:00:44 (91%) Cache: 3.6s/217KB
A: 00:00:40 / 00:00:44 (91%) Cache: 3.6s/214KB
A: 00:00:40 / 00:00:44 (91%) Cache: 3.5s/210KB
A: 00:00:40 / 00:00:44 (92%) Cache: 3.5s/207KB
A: 00:00:40 / 00:00:44 (92%) Cache: 3.4s/203KB
A: 00:00:40 / 00:00:44 (92%) Cache: 3.3s/200KB
A: 00:00:40 / 00:00:44 (92%) Cache: 3.3s/195KB
A: 00:00:40 / 00:00:44 (92%) Cache: 3.2s/193KB
A: 00:00:40 / 00:00:44 (92%) Cache: 3.2s/189KB
A: 00:00:40 / 00:00:44 (92%) Cache: 3.1s/185KB
A: 00:00:40 / 00:00:44 (93%) Cache: 3.0s/181KB
A: 00:00:40 / 00:00:44 (93%) Cache: 3.0s/179KB
A: 00:00:41 / 00:00:45 (91%) Cache: 3.9s/235KB
A: 00:00:41 / 00:00:45 (91%) Cache: 3.9s/234KB
A: 00:00:41 / 00:00:45 (91%) Cache: 3.8s/229KB
A: 00:00:41 / 00:00:45 (91%) Cache: 3.8s/226KB
A: 00:00:41 / 00:00:45 (91%) Cache: 3.7s/221KB
A: 00:00:41 / 00:00:45 (91%) Cache: 3.7s/218KB
A: 00:00:41 / 00:00:45 (92%) Cache: 3.6s/214KB
A: 00:00:41 / 00:00:45 (92%) Cache: 3.6s/212KB
A: 00:00:41 / 00:00:45 (92%) Cache: 3.5s/207KB
A: 00:00:41 / 00:00:45 (92%) Cache: 3.4s/204KB
A: 00:00:41 / 00:00:45 (92%) Cache: 3.3s/200KB
A: 00:00:41 / 00:00:45 (92%) Cache: 3.3s/196KB
A: 00:00:41 / 00:00:45 (92%) Cache: 3.2s/192KB
A: 00:00:41 / 00:00:45 (93%) Cache: 3.1s/187KB
A: 00:00:41 / 00:00:45 (93%) Cache: 3.1s/184KB
A: 00:00:41 / 00:00:45 (93%) Cache: 3.0s/181KB
A: 00:00:41 / 00:00:45 (93%) Cache: 3.0s/178KB
A: 00:00:42 / 00:00:46 (91%) Cache: 3.7s/223KB
A: 00:00:42 / 00:00:46 (91%) Cache: 3.7s/221KB
A: 00:00:42 / 00:00:46 (91%) Cache: 3.8s/226KB
A: 00:00:42 / 00:00:46 (91%) Cache: 3.7s/223KB
A: 00:00:42 / 00:00:46 (92%) Cache: 3.7s/218KB
A: 00:00:42 / 00:00:46 (92%) Cache: 3.6s/215KB
A: 00:00:42 / 00:00:46 (92%) Cache: 3.5s/210KB
A: 00:00:42 / 00:00:46 (92%) Cache: 3.5s/209KB
A: 00:00:42 / 00:00:46 (92%) Cache: 3.4s/204KB
A: 00:00:42 / 00:00:46 (92%) Cache: 3.4s/201KB
A: 00:00:42 / 00:00:46 (92%) Cache: 3.3s/196KB
A: 00:00:42 / 00:00:46 (92%) Cache: 3.3s/198KB
A: 00:00:42 / 00:00:46 (92%) Cache: 3.2s/193KB
A: 00:00:42 / 00:00:46 (93%) Cache: 3.2s/190KB
A: 00:00:42 / 00:00:46 (93%) Cache: 3.1s/185KB
A: 00:00:42 / 00:00:46 (93%) Cache: 3.1s/184KB
A: 00:00:42 / 00:00:46 (92%) Cache: 3.5s/209KB
A: 00:00:43 / 00:00:47 (91%) Cache: 4.0s/237KB
A: 00:00:43 / 00:00:47 (91%) Cache: 3.9s/234KB
A: 00:00:43 / 00:00:47 (91%) Cache: 3.9s/231KB
A: 00:00:43 / 00:00:47 (91%) Cache: 3.8s/228KB
A: 00:00:43 / 00:00:47 (92%) Cache: 3.8s/225KB
A: 00:00:43 / 00:00:47 (92%) Cache: 3.7s/220KB
A: 00:00:43 / 00:00:47 (92%) Cache: 3.6s/217KB
A: 00:00:43 / 00:00:47 (92%) Cache: 3.6s/214KB
A: 00:00:43 / 00:00:47 (92%) Cache: 3.5s/210KB
A: 00:00:43 / 00:00:47 (92%) Cache: 3.4s/206KB
A: 00:00:43 / 00:00:47 (92%) Cache: 3.4s/203KB
A: 00:00:43 / 00:00:47 (92%) Cache: 3.3s/200KB
A: 00:00:43 / 00:00:47 (93%) Cache: 3.3s/196KB
A: 00:00:43 / 00:00:47 (93%) Cache: 3.2s/192KB
A: 00:00:43 / 00:00:47 (93%) Cache: 3.2s/189KB
A: 00:00:43 / 00:00:47 (93%) Cache: 3.1s/184KB
A: 00:00:44 / 00:00:47 (93%) Cache: 3.0s/179KB
A: 00:00:44 / 00:00:47 (93%) Cache: 3.0s/176KB
A: 00:00:44 / 00:00:47 (93%) Cache: 2.9s/171KB
A: 00:00:44 / 00:00:47 (92%) Cache: 3.5s/210KB
A: 00:00:44 / 00:00:48 (92%) Cache: 3.6s/217KB
A: 00:00:44 / 00:00:48 (92%) Cache: 3.7s/223KB
A: 00:00:44 / 00:00:48 (92%) Cache: 3.7s/218KB
A: 00:00:44 / 00:00:48 (92%) Cache: 3.6s/217KB
A: 00:00:44 / 00:00:48 (92%) Cache: 3.6s/212KB
A: 00:00:44 / 00:00:48 (92%) Cache: 3.5s/209KB
A: 00:00:44 / 00:00:48 (92%) Cache: 3.4s/204KB
A: 00:00:44 / 00:00:48 (93%) Cache: 3.4s/201KB
A: 00:00:44 / 00:00:48 (93%) Cache: 3.3s/196KB
A: 00:00:44 / 00:00:48 (93%) Cache: 3.2s/193KB
A: 00:00:44 / 00:00:48 (93%) Cache: 3.2s/189KB
A: 00:00:44 / 00:00:48 (93%) Cache: 3.1s/185KB
A: 00:00:45 / 00:00:48 (93%) Cache: 3.0s/181KB
A: 00:00:45 / 00:00:48 (93%) Cache: 3.0s/176KB
A: 00:00:45 / 00:00:48 (93%) Cache: 3.0s/178KB
A: 00:00:45 / 00:00:49 (92%) Cache: 3.7s/221KB
A: 00:00:45 / 00:00:49 (92%) Cache: 3.8s/228KB
A: 00:00:45 / 00:00:49 (92%) Cache: 3.7s/223KB
A: 00:00:45 / 00:00:49 (92%) Cache: 3.7s/220KB
A: 00:00:45 / 00:00:49 (92%) Cache: 3.6s/217KB
A: 00:00:45 / 00:00:49 (92%) Cache: 3.6s/214KB
A: 00:00:45 / 00:00:49 (92%) Cache: 3.5s/209KB
A: 00:00:45 / 00:00:49 (93%) Cache: 3.4s/206KB
A: 00:00:45 / 00:00:49 (93%) Cache: 3.4s/201KB
A: 00:00:45 / 00:00:49 (93%) Cache: 3.3s/196KB
A: 00:00:45 / 00:00:49 (93%) Cache: 3.2s/193KB
A: 00:00:45 / 00:00:49 (93%) Cache: 3.2s/189KB
A: 00:00:45 / 00:00:49 (93%) Cache: 3.1s/187KB
A: 00:00:46 / 00:00:49 (93%) Cache: 3.1s/182KB
A: 00:00:46 / 00:00:49 (93%) Cache: 3.0s/179KB
A: 00:00:46 / 00:00:49 (92%) Cache: 3.6s/214KB
A: 00:00:46 / 00:00:50 (92%) Cache: 3.8s/225KB
A: 00:00:46 / 00:00:50 (92%) Cache: 3.7s/221KB
A: 00:00:46 / 00:00:50 (92%) Cache: 3.8s/226KB
A: 00:00:46 / 00:00:50 (92%) Cache: 3.8s/225KB
A: 00:00:46 / 00:00:50 (92%) Cache: 3.7s/220KB
A: 00:00:46 / 00:00:50 (92%) Cache: 3.7s/218KB
A: 00:00:46 / 00:00:50 (92%) Cache: 3.6s/214KB
A: 00:00:46 / 00:00:50 (93%) Cache: 3.5s/209KB
A: 00:00:46 / 00:00:50 (93%) Cache: 3.4s/206KB
A: 00:00:46 / 00:00:50 (93%) Cache: 3.4s/203KB
A: 00:00:46 / 00:00:50 (93%) Cache: 3.3s/200KB
A: 00:00:46 / 00:00:50 (93%) Cache: 3.3s/195KB
A: 00:00:46 / 00:00:50 (93%) Cache: 3.2s/192KB
A: 00:00:46 / 00:00:50 (93%) Cache: 3.2s/189KB
A: 00:00:46 / 00:00:50 (93%) Cache: 3.1s/185KB
A: 00:00:47 / 00:00:50 (94%) Cache: 3.0s/181KB
A: 00:00:47 / 00:00:51 (92%) Cache: 3.8s/229KB
A: 00:00:47 / 00:00:51 (92%) Cache: 3.8s/225KB
A: 00:00:47 / 00:00:51 (92%) Cache: 3.9s/231KB
A: 00:00:47 / 00:00:51 (92%) Cache: 3.8s/226KB
A: 00:00:47 / 00:00:51 (92%) Cache: 3.7s/223KB
A: 00:00:47 / 00:00:51 (92%) Cache: 3.7s/218KB
A: 00:00:47 / 00:00:51 (92%) Cache: 3.6s/217KB
A: 00:00:47 / 00:00:51 (93%) Cache: 3.6s/212KB
A: 00:00:47 / 00:00:51 (93%) Cache: 3.5s/209KB
A: 00:00:47 / 00:00:51 (93%) Cache: 3.4s/204KB
A: 00:00:47 / 00:00:51 (93%) Cache: 3.4s/206KB
A: 00:00:47 / 00:00:51 (93%) Cache: 3.4s/201KB
A: 00:00:47 / 00:00:51 (93%) Cache: 3.3s/198KB
A: 00:00:47 / 00:00:51 (93%) Cache: 3.2s/193KB
A: 00:00:47 / 00:00:51 (93%) Cache: 3.2s/192KB
A: 00:00:47 / 00:00:51 (93%) Cache: 3.1s/187KB
A: 00:00:48 / 00:00:51 (93%) Cache: 3.7s/218KB
A: 00:00:48 / 00:00:52 (92%) Cache: 3.9s/234KB
A: 00:00:48 / 00:00:52 (92%) Cache: 3.9s/231KB
A: 00:00:48 / 00:00:52 (92%) Cache: 3.9s/235KB
A: 00:00:48 / 00:00:52 (92%) Cache: 3.9s/232KB
A: 00:00:48 / 00:00:52 (92%) Cache: 3.8s/228KB
A: 00:00:48 / 00:00:52 (92%) Cache: 3.8s/225KB
A: 00:00:48 / 00:00:52 (92%) Cache: 3.7s/221KB
A: 00:00:48 / 00:00:52 (93%) Cache: 3.7s/218KB
A: 00:00:48 / 00:00:52 (93%) Cache: 3.6s/214KB
A: 00:00:48 / 00:00:52 (93%) Cache: 3.5s/210KB
A: 00:00:48 / 00:00:52 (93%) Cache: 3.5s/207KB
A: 00:00:48 / 00:00:52 (93%) Cache: 3.4s/204KB
A: 00:00:48 / 00:00:52 (93%) Cache: 3.3s/200KB
A: 00:00:48 / 00:00:52 (93%) Cache: 3.3s/196KB
A: 00:00:48 / 00:00:52 (93%) Cache: 3.2s/192KB
A: 00:00:48 / 00:00:52 (93%) Cache: 3.2s/190KB
A: 00:00:49 / 00:00:53 (92%) Cache: 3.9s/231KB
A: 00:00:49 / 00:00:53 (92%) Cache: 3.9s/235KB
A: 00:00:49 / 00:00:53 (92%) Cache: 3.9s/231KB
A: 00:00:49 / 00:00:53 (92%) Cache: 4.0s/237KB
A: 00:00:49 / 00:00:53 (92%) Cache: 3.9s/235KB
A: 00:00:49 / 00:00:53 (92%) Cache: 3.9s/231KB
A: 00:00:49 / 00:00:53 (92%) Cache: 3.8s/226KB
A: 00:00:49 / 00:00:53 (93%) Cache: 3.7s/223KB
A: 00:00:49 / 00:00:53 (93%) Cache: 3.7s/218KB
A: 00:00:49 / 00:00:53 (93%) Cache: 3.6s/215KB
A: 00:00:49 / 00:00:53 (93%) Cache: 3.5s/210KB
A: 00:00:49 / 00:00:53 (93%) Cache: 3.5s/209KB
A: 00:00:49 / 00:00:53 (93%) Cache: 3.4s/204KB
A: 00:00:49 / 00:00:53 (93%) Cache: 3.4s/201KB
A: 00:00:49 / 00:00:53 (93%) Cache: 3.3s/196KB
A: 00:00:49 / 00:00:53 (93%) Cache: 3.2s/193KB
A: 00:00:49 / 00:00:53 (93%) Cache: 3.3s/200KB
A: 00:00:50 / 00:00:54 (92%) Cache: 4.0s/239KB
A: 00:00:50 / 00:00:54 (92%) Cache: 3.9s/235KB
A: 00:00:50 / 00:00:54 (92%) Cache: 4.0s/242KB
A: 00:00:50 / 00:00:54 (92%) Cache: 4.0s/239KB
A: 00:00:50 / 00:00:54 (92%) Cache: 3.9s/235KB
A: 00:00:50 / 00:00:54 (92%) Cache: 3.9s/231KB
A: 00:00:50 / 00:00:54 (93%) Cache: 3.8s/228KB
A: 00:00:50 / 00:00:54 (93%) Cache: 3.8s/225KB
A: 00:00:50 / 00:00:54 (93%) Cache: 3.7s/221KB
A: 00:00:50 / 00:00:54 (93%) Cache: 3.6s/217KB
A: 00:00:50 / 00:00:54 (93%) Cache: 3.6s/214KB
A: 00:00:50 / 00:00:54 (93%) Cache: 3.5s/209KB
A: 00:00:50 / 00:00:54 (93%) Cache: 3.5s/207KB
A: 00:00:50 / 00:00:54 (93%) Cache: 3.4s/203KB
A: 00:00:50 / 00:00:54 (93%) Cache: 3.3s/200KB
A: 00:00:50 / 00:00:54 (94%) Cache: 3.3s/195KB
A: 00:00:50 / 00:00:54 (94%) Cache: 3.2s/193KB
A: 00:00:51 / 00:00:54 (94%) Cache: 3.2s/189KB
A: 00:00:51 / 00:00:54 (94%) Cache: 3.1s/185KB
A: 00:00:51 / 00:00:54 (94%) Cache: 3.0s/181KB
A: 00:00:51 / 00:00:54 (94%) Cache: 3.0s/179KB
A: 00:00:51 / 00:00:55 (93%) Cache: 3.8s/226KB
A: 00:00:51 / 00:00:55 (93%) Cache: 3.8s/225KB
A: 00:00:51 / 00:00:55 (93%) Cache: 3.8s/229KB
[ffmpeg] http: Stream ends prematurely at 2219565, should be 18446744073709551615
A: 00:00:51 / 00:00:55 (93%) Cache: 3.8s/229KB
[lavf] EOF reached.
A: 00:00:51 / 00:00:55 (93%) Cache: 3.8s/229KB
A: 00:00:51 / 00:00:55 (93%) Cache: 3.8s/228KB
A: 00:00:51 / 00:00:55 (93%) Cache: 3.8s/225KB
A: 00:00:51 / 00:00:55 (93%) Cache: 3.7s/221KB
A: 00:00:51 / 00:00:55 (93%) Cache: 3.6s/217KB
A: 00:00:51 / 00:00:55 (93%) Cache: 3.6s/214KB
A: 00:00:51 / 00:00:55 (93%) Cache: 3.5s/209KB
A: 00:00:51 / 00:00:55 (93%) Cache: 3.4s/206KB
A: 00:00:51 / 00:00:55 (94%) Cache: 3.4s/201KB
A: 00:00:51 / 00:00:55 (94%) Cache: 3.3s/196KB
A: 00:00:52 / 00:00:55 (94%) Cache: 3.2s/193KB
A: 00:00:52 / 00:00:55 (94%) Cache: 3.2s/189KB
A: 00:00:52 / 00:00:55 (94%) Cache: 3.1s/185KB
A: 00:00:52 / 00:00:55 (94%) Cache: 3.0s/181KB
A: 00:00:52 / 00:00:55 (94%) Cache: 3.0s/178KB
A: 00:00:52 / 00:00:55 (94%) Cache: 2.9s/173KB
A: 00:00:52 / 00:00:55 (94%) Cache: 2.8s/168KB
A: 00:00:52 / 00:00:55 (95%) Cache: 2.8s/165KB
A: 00:00:52 / 00:00:55 (95%) Cache: 2.7s/160KB
A: 00:00:52 / 00:00:55 (95%) Cache: 2.6s/157KB
A: 00:00:52 / 00:00:55 (95%) Cache: 2.6s/153KB
A: 00:00:52 / 00:00:55 (95%) Cache: 2.5s/151KB
A: 00:00:52 / 00:00:55 (95%) Cache: 2.5s/146KB
A: 00:00:52 / 00:00:55 (95%) Cache: 2.4s/143KB
A: 00:00:52 / 00:00:55 (95%) Cache: 2.3s/139KB
A: 00:00:52 / 00:00:55 (96%) Cache: 2.2s/134KB
A: 00:00:53 / 00:00:55 (96%) Cache: 2.2s/131KB
A: 00:00:53 / 00:00:55 (96%) Cache: 2.1s/126KB
A: 00:00:53 / 00:00:55 (96%) Cache: 2.1s/123KB
A: 00:00:53 / 00:00:55 (96%) Cache: 2.0s/118KB
A: 00:00:53 / 00:00:55 (96%) Cache: 1.9s/115KB
A: 00:00:53 / 00:00:55 (96%) Cache: 1.9s/110KB
A: 00:00:53 / 00:00:55 (96%) Cache: 1.8s/106KB
A: 00:00:53 / 00:00:55 (96%) Cache: 1.7s/103KB
A: 00:00:53 / 00:00:55 (97%) Cache: 1.6s/98KB
A: 00:00:53 / 00:00:55 (97%) Cache: 1.6s/95KB
A: 00:00:53 / 00:00:55 (97%) Cache: 1.5s/92KB
A: 00:00:53 / 00:00:55 (97%) Cache: 1.5s/89KB
A: 00:00:53 / 00:00:55 (97%) Cache: 1.4s/84KB
A: 00:00:53 / 00:00:55 (97%) Cache: 1.4s/81KB
A: 00:00:53 / 00:00:55 (97%) Cache: 1.3s/76KB
A: 00:00:54 / 00:00:55 (97%) Cache: 1.2s/73KB
A: 00:00:54 / 00:00:55 (98%) Cache: 1.1s/68KB
A: 00:00:54 / 00:00:55 (98%) Cache: 1.1s/64KB
A: 00:00:54 / 00:00:55 (98%) Cache: 1.0s/60KB
A: 00:00:54 / 00:00:55 (98%) Cache: 0.9s/56KB
A: 00:00:54 / 00:00:55 (98%) Cache: 0.9s/53KB
A: 00:00:54 / 00:00:55 (98%) Cache: 0.8s/48KB
A: 00:00:54 / 00:00:55 (98%) Cache: 0.7s/43KB
A: 00:00:54 / 00:00:55 (98%) Cache: 0.7s/40KB
A: 00:00:54 / 00:00:55 (98%) Cache: 0.6s/35KB
A: 00:00:54 / 00:00:55 (99%) Cache: 0.5s/32KB
A: 00:00:54 / 00:00:55 (99%) Cache: 0.5s/28KB
A: 00:00:54 / 00:00:55 (99%) Cache: 0.4s/25KB
A: 00:00:54 / 00:00:55 (99%) Cache: 0.3s/20KB
A: 00:00:54 / 00:00:55 (99%) Cache: 0.3s/18KB
A: 00:00:54 / 00:00:55 (99%) Cache: 0.2s/14KB
A: 00:00:55 / 00:00:55 (99%) Cache: 0.2s/10KB
A: 00:00:55 / 00:00:55 (99%) Cache: 0.1s/6KB
A: 00:00:55 / 00:00:55 (99%) Cache: 0.1s/3KB
[af] filter input EOF
A: 00:00:55 / 00:00:55 (99%) Cache: 0.1s/3KB
[af] filter output EOF
A: 00:00:55 / 00:00:55 (99%) Cache: 0.1s/3KB
[cplayer] audio filter EOF
A: 00:00:55 / 00:00:55 (99%) Cache: 0.1s/3KB
[cplayer] audio draining
A: 00:00:55 / 00:00:55 (99%) Cache: 0.1s/3KB
[cplayer] audio EOF reached
A: 00:00:55 / 00:00:55 (99%) Cache: 0.1s/3KB
[cplayer] EOF code: 1  
A: 00:00:55 / 00:00:55 (99%) Cache: 0.1s/3KB
[cplayer] finished playback, success (reason 0)
[cplayer] Running hook: ytdl_hook/on_after_end_file
[cplayer] draining left over audio
[cplayer] Set property: user-data/osc/margins={"b":0,"l":0,"t":0,"r":0} -> 1
Exiting... (Quit)
mpv process exited with code 4

===== mpv launch 2026-03-14 22:29:31 =====
station_id=difm:darkdnb
stream_url=http://prem1.di.fm:80/darkdnb_hi?ca64cdc02f76c2c2
command=mpv --no-video --force-window=no --msg-level=all=v --audio-device=auto --cache-secs=8.0 --idle=yes --no-video --force-window=no --volume=100 http://prem1.di.fm:80/darkdnb_hi?ca64cdc02f76c2c2
[cplayer] Command line options: '--no-video' '--force-window=no' '--msg-level=all=v' '--audio-device=auto' '--cache-secs=8.0' '--idle=yes' '--no-video' '--force-window=no' '--volume=100' 'http://prem1.di.fm:80/darkdnb_hi?ca64cdc02f76c2c2'
[cplayer] mpv v0.40.0 Copyright © 2000-2025 mpv/MPlayer/mplayer2 projects
[cplayer] libplacebo version: v7.349.0
[cplayer] FFmpeg version: 7.1.2-0+deb13u1 (runtime 7.1.3-0+deb13u1+rpt1)
[cplayer] FFmpeg library versions:
[cplayer]    libavcodec      61.19.101
[cplayer]    libavdevice     61.3.100
[cplayer]    libavfilter     10.4.100
[cplayer]    libavformat     61.7.100
[cplayer]    libavutil       59.39.100
[cplayer]    libswresample   5.3.100
[cplayer]    libswscale      8.3.100
[cplayer] Configuration: -Dpython.bytecompile=-1 -Dlibmpv=true -Dbuild-date=false -Dcdda=enabled -Ddvdnav=enabled -Dsdl2=enabled -Ddvbin=enabled -Dprefix=/usr -Dlibdir=lib/aarch64-linux-gnu -Dlocalstatedir=/var -Dsysconfdir=/etc -Dbuildtype=plain -Dwrap_mode=nodownload
[cplayer] List of enabled features: alsa caca cdda cplugins cuda-hwaccel cuda-interop dmabuf-interop-gl dmabuf-wayland drm dvbin dvdnav egl egl-drm egl-wayland egl-x11 ffmpeg ffnvcodec gbm gl glibc-thread-name glob glob-posix gpl iconv jack javascript jpeg lcms2 libarchive libass libavdevice libbluray libdl libplacebo linux-fstatfs lua52 memfd-create memrchr pipewire posix posix-shm ppoll pthread-condattr-setclock pulse rubberband rubberband-3 sdl2 sdl2-audio sdl2-gamepad sdl2-video sixel sndio sndio-1-9 uchardet vaapi vaapi-drm vaapi-wayland vaapi-x11 vdpau vector vk-khr-display vt.h vulkan wayland wayland-protocols-1-32 wayland-protocols-1-38 wayland-protocols-1-39 wayland-protocols-1-41 x11 xv zimg zimg-st428 zlib
[cplayer] Reading config file /etc/mpv/encoding-profiles.conf
[ifo_dvdnav] Opening /etc/mpv/encoding-profiles.conf
[bdmv/bluray] Opening /etc/mpv/encoding-profiles.conf
[file] Opening /etc/mpv/encoding-profiles.conf
[cplayer] Applying profile 'default'...
[cplayer] Setting option 'video' = 'no' (flags = 8)
[cplayer] Setting option 'force-window' = 'no' (flags = 8)
[cplayer] Setting option 'msg-level' = 'all=v' (flags = 8)
[cplayer] Setting option 'audio-device' = 'auto' (flags = 8)
[cplayer] Setting option 'cache-secs' = '8.0' (flags = 8)
[cplayer] Setting option 'idle' = 'yes' (flags = 8)
[cplayer] Setting option 'video' = 'no' (flags = 8)
[cplayer] Setting option 'force-window' = 'no' (flags = 8)
[cplayer] Setting option 'volume' = '100' (flags = 8)
[clipboard] Initialized vo clipboard backend.
[cplayer] Waiting for scripts...
[cplayer] Set property: user-data/osc/visibility="auto" -> 1
[cplayer] Set property: user-data/osc/margins={"b":0,"l":0,"t":0,"r":0} -> 1
[cplayer] Done loading scripts.
[cplayer] Running hook: auto_profiles/on_before_start_file
[cplayer] Failed sending hook command auto_profiles/on_before_start_file. Removing hook.
[cplayer] Running hook: auto_profiles/on_load
[cplayer] Failed sending hook command auto_profiles/on_load. Removing hook.
[cplayer] Running hook: ytdl_hook/on_load
[cplayer] Running hook: ytdl_hook/on_load
[ytdl_hook] playlist hook
[stream_callback] Opening http://prem1.di.fm:80/darkdnb_hi?ca64cdc02f76c2c2
[ffmpeg] Opening http://prem1.di.fm:80/darkdnb_hi?ca64cdc02f76c2c2
[cplayer] Set property: user-data/osc/margins={"b":0,"l":0,"t":0,"r":0} -> 1
[cplayer] Set property: user-data/osc/margins={"b":0,"l":0,"t":0,"r":0} -> 1
[osd/libass] libass API version: 0x1703000
[osd/libass] libass source: tarball: 0.17.3
[osd/libass] Shaper: FriBidi 1.0.15 (SIMPLE) HarfBuzz-ng 10.2.0 (COMPLEX)
[osd/libass] Setting up fonts...
[osd/libass] Using font provider fontconfig
[osd/libass] Done.
[ffmpeg] Could not set AVOption tls_verify='0'
[ffmpeg] Mime-type: 'audio/mpeg'
[demux] Trying demuxers for level=normal.
[lavf] Found 'mp3' at score=1 size=2048.
[lavf] Found 'mp3' at score=25 size=4096.
[lavf] avformat_find_stream_info() finished after 25667 bytes.
[demux] Detected file format: mp3 (libavformat)
[demux] Stream is not seekable.
[cplayer] Opening done: http://prem1.di.fm:80/darkdnb_hi?ca64cdc02f76c2c2
[cplayer] Running hook: auto_profiles/on_preloaded
[cplayer] Failed sending hook command auto_profiles/on_preloaded. Removing hook.
[cplayer] Running hook: ytdl_hook/on_preloaded
[lavf] select track 0
[lavf] refresh track 0 (audio)
● Audio  --aid=1  (mp3 2ch 44100 Hz 320 kbps)
File tags:
 icy-title: Mefjus - Mirage
[ad] Codec list:
[ad]     mp3float (mp3) - MP3 (MPEG audio layer 3)
[ad]     mp3 - MP3 (MPEG audio layer 3)
[ad] Opening decoder mp3float
[ad] Requesting 1 threads for decoding.
[ad] Selected decoder: mp3float - MP3 (MPEG audio layer 3)
[af] User filter list:
[af]   (empty)
[cplayer] Starting playback...
[af] [in] 44100Hz stereo 2ch floatp
[af] [userspeed] 44100Hz stereo 2ch floatp
[af] [userspeed] (disabled)
[af] [convert] 44100Hz stereo 2ch floatp
[ao] Trying audio driver 'pipewire'
[ao/pipewire] requested format: 44100 Hz, stereo channels, floatp
[ao/pipewire] Headers version: 1.4.2
[ao/pipewire] Library version: 1.4.2
[ao/pipewire] Core user: egorkkk
[ao/pipewire] Core host: pi3
[ao/pipewire] Core version: 1.4.2
[ao/pipewire] Core name: pipewire-0
[ao/pipewire] using soft-buffer of 8820 samples.
AO: [pipewire] 44100Hz stereo 2ch floatp
[cplayer] AO: Description: PipeWire audio output
[af] [convert] (disabled)
[af] [out] 44100Hz stereo 2ch floatp
[cplayer] audio ready
[cplayer] starting audio playback
[cplayer] playback restart complete @ 0.000000, audio=playing, video=eof
A: 00:00:00 / 00:00:01 (0%) Cache: 0.9s/51KB
[cplayer] Set property: user-data/osc/margins={"b":0,"l":0,"t":0,"r":0} -> 1
A: 00:00:00 / 00:00:01 (0%) Cache: 0.9s/51KB
[cplayer] Set property: user-data/osc/margins={"b":0,"l":0,"t":0,"r":0} -> 1
A: 00:00:00 / 00:00:01 (0%) Cache: 0.9s/51KB
A: 00:00:00 / 00:00:01 (1%) Cache: 0.8s/50KB
A: 00:00:00 / 00:00:02 (0%) Cache: 2.0s/121KB
A: 00:00:00 / 00:00:02 (2%) Cache: 2.0s/118KB
A: 00:00:00 / 00:00:02 (5%) Cache: 1.9s/115KB
A: 00:00:00 / 00:00:03 (5%) Cache: 2.8s/167KB
A: 00:00:00 / 00:00:04 (5%) Cache: 3.8s/225KB
A: 00:00:00 / 00:00:04 (7%) Cache: 3.7s/220KB
A: 00:00:00 / 00:00:04 (8%) Cache: 3.6s/217KB
A: 00:00:00 / 00:00:04 (10%) Cache: 3.6s/212KB
A: 00:00:00 / 00:00:04 (12%) Cache: 3.5s/207KB
A: 00:00:00 / 00:00:04 (13%) Cache: 3.4s/204KB
A: 00:00:00 / 00:00:04 (15%) Cache: 3.3s/200KB
A: 00:00:00 / 00:00:04 (16%) Cache: 3.3s/198KB
A: 00:00:00 / 00:00:04 (18%) Cache: 3.2s/193KB
A: 00:00:00 / 00:00:04 (19%) Cache: 3.2s/192KB
A: 00:00:00 / 00:00:04 (20%) Cache: 3.1s/187KB
A: 00:00:00 / 00:00:04 (21%) Cache: 3.1s/185KB
A: 00:00:00 / 00:00:04 (23%) Cache: 3.0s/181KB
A: 00:00:01 / 00:00:04 (24%) Cache: 3.0s/178KB
A: 00:00:01 / 00:00:04 (26%) Cache: 2.9s/173KB
A: 00:00:01 / 00:00:04 (26%) Cache: 3.0s/176KB
A: 00:00:01 / 00:00:05 (23%) Cache: 3.8s/226KB
A: 00:00:01 / 00:00:05 (24%) Cache: 3.7s/223KB
A: 00:00:01 / 00:00:05 (26%) Cache: 3.7s/218KB
A: 00:00:01 / 00:00:05 (26%) Cache: 3.6s/215KB
A: 00:00:01 / 00:00:05 (28%) Cache: 3.6s/212KB
A: 00:00:01 / 00:00:05 (29%) Cache: 3.5s/209KB
A: 00:00:01 / 00:00:05 (30%) Cache: 3.4s/204KB
A: 00:00:01 / 00:00:05 (31%) Cache: 3.4s/201KB
A: 00:00:01 / 00:00:05 (32%) Cache: 3.3s/198KB
A: 00:00:01 / 00:00:05 (33%) Cache: 3.3s/196KB
A: 00:00:01 / 00:00:05 (34%) Cache: 3.2s/193KB
A: 00:00:01 / 00:00:05 (35%) Cache: 3.2s/190KB
A: 00:00:01 / 00:00:05 (36%) Cache: 3.1s/185KB
A: 00:00:01 / 00:00:05 (38%) Cache: 3.1s/182KB
A: 00:00:02 / 00:00:05 (39%) Cache: 3.0s/178KB
A: 00:00:02 / 00:00:05 (40%) Cache: 2.9s/175KB
A: 00:00:02 / 00:00:06 (34%) Cache: 3.9s/232KB
A: 00:00:02 / 00:00:06 (35%) Cache: 3.8s/229KB
A: 00:00:02 / 00:00:06 (36%) Cache: 3.8s/225KB
A: 00:00:02 / 00:00:06 (37%) Cache: 3.7s/221KB
A: 00:00:02 / 00:00:06 (38%) Cache: 3.6s/217KB
A: 00:00:02 / 00:00:06 (39%) Cache: 3.6s/215KB
A: 00:00:02 / 00:00:06 (40%) Cache: 3.5s/210KB
A: 00:00:02 / 00:00:06 (41%) Cache: 3.5s/207KB
A: 00:00:02 / 00:00:06 (42%) Cache: 3.4s/203KB
A: 00:00:02 / 00:00:06 (43%) Cache: 3.4s/201KB
A: 00:00:02 / 00:00:06 (44%) Cache: 3.3s/196KB
A: 00:00:02 / 00:00:06 (45%) Cache: 3.2s/193KB
A: 00:00:02 / 00:00:06 (46%) Cache: 3.2s/189KB
A: 00:00:02 / 00:00:06 (46%) Cache: 3.1s/187KB
A: 00:00:02 / 00:00:06 (48%) Cache: 3.1s/182KB
A: 00:00:03 / 00:00:06 (49%) Cache: 3.0s/178KB
A: 00:00:03 / 00:00:07 (43%) Cache: 3.9s/235KB
A: 00:00:03 / 00:00:07 (43%) Cache: 3.9s/232KB
A: 00:00:03 / 00:00:07 (44%) Cache: 3.8s/229KB
A: 00:00:03 / 00:00:07 (45%) Cache: 3.8s/225KB
A: 00:00:03 / 00:00:07 (46%) Cache: 3.7s/221KB
A: 00:00:03 / 00:00:07 (47%) Cache: 3.7s/218KB
A: 00:00:03 / 00:00:07 (48%) Cache: 3.6s/215KB
A: 00:00:03 / 00:00:07 (48%) Cache: 3.5s/210KB
A: 00:00:03 / 00:00:07 (49%) Cache: 3.5s/207KB
A: 00:00:03 / 00:00:07 (50%) Cache: 3.4s/203KB
A: 00:00:03 / 00:00:07 (51%) Cache: 3.4s/201KB
A: 00:00:03 / 00:00:07 (52%) Cache: 3.3s/196KB
A: 00:00:03 / 00:00:07 (53%) Cache: 3.2s/193KB
A: 00:00:03 / 00:00:07 (53%) Cache: 3.2s/189KB
A: 00:00:03 / 00:00:07 (54%) Cache: 3.1s/187KB
A: 00:00:04 / 00:00:07 (55%) Cache: 3.1s/182KB
A: 00:00:04 / 00:00:08 (49%) Cache: 4.0s/240KB
A: 00:00:04 / 00:00:08 (50%) Cache: 3.9s/235KB
A: 00:00:04 / 00:00:08 (50%) Cache: 3.9s/234KB
A: 00:00:04 / 00:00:08 (51%) Cache: 3.8s/229KB
A: 00:00:04 / 00:00:08 (52%) Cache: 3.8s/226KB
A: 00:00:04 / 00:00:08 (52%) Cache: 3.7s/221KB
A: 00:00:04 / 00:00:08 (53%) Cache: 3.7s/220KB
A: 00:00:04 / 00:00:08 (54%) Cache: 3.6s/215KB
A: 00:00:04 / 00:00:08 (55%) Cache: 3.6s/212KB
A: 00:00:04 / 00:00:08 (55%) Cache: 3.5s/209KB
A: 00:00:04 / 00:00:08 (56%) Cache: 3.4s/206KB
A: 00:00:04 / 00:00:08 (57%) Cache: 3.4s/201KB
A: 00:00:04 / 00:00:08 (58%) Cache: 3.3s/196KB
A: 00:00:04 / 00:00:08 (58%) Cache: 3.2s/193KB
A: 00:00:04 / 00:00:08 (59%) Cache: 3.2s/190KB
A: 00:00:04 / 00:00:08 (60%) Cache: 3.1s/187KB
A: 00:00:05 / 00:00:09 (55%) Cache: 3.8s/229KB
A: 00:00:05 / 00:00:09 (54%) Cache: 4.0s/240KB
A: 00:00:05 / 00:00:09 (55%) Cache: 4.0s/237KB
A: 00:00:05 / 00:00:09 (56%) Cache: 3.9s/234KB
A: 00:00:05 / 00:00:09 (56%) Cache: 3.8s/229KB
A: 00:00:05 / 00:00:09 (57%) Cache: 3.8s/226KB
A: 00:00:05 / 00:00:09 (58%) Cache: 3.7s/221KB
A: 00:00:05 / 00:00:09 (58%) Cache: 3.7s/220KB
A: 00:00:05 / 00:00:09 (59%) Cache: 3.6s/215KB
A: 00:00:05 / 00:00:09 (60%) Cache: 3.6s/212KB
A: 00:00:05 / 00:00:09 (60%) Cache: 3.5s/207KB
A: 00:00:05 / 00:00:09 (61%) Cache: 3.4s/206KB
A: 00:00:05 / 00:00:09 (61%) Cache: 3.4s/201KB
A: 00:00:05 / 00:00:09 (62%) Cache: 3.3s/198KB
A: 00:00:05 / 00:00:09 (63%) Cache: 3.2s/193KB
A: 00:00:05 / 00:00:09 (63%) Cache: 3.2s/192KB
A: 00:00:05 / 00:00:09 (63%) Cache: 3.3s/198KB
A: 00:00:06 / 00:00:10 (58%) Cache: 4.1s/245KB
A: 00:00:06 / 00:00:10 (59%) Cache: 4.0s/240KB
A: 00:00:06 / 00:00:10 (59%) Cache: 4.0s/237KB
A: 00:00:06 / 00:00:10 (60%) Cache: 3.9s/235KB
A: 00:00:06 / 00:00:10 (61%) Cache: 3.9s/231KB
A: 00:00:06 / 00:00:10 (61%) Cache: 3.8s/226KB
A: 00:00:06 / 00:00:10 (62%) Cache: 3.7s/223KB
A: 00:00:06 / 00:00:10 (62%) Cache: 3.7s/220KB
A: 00:00:06 / 00:00:10 (63%) Cache: 3.7s/218KB
A: 00:00:06 / 00:00:10 (63%) Cache: 3.6s/214KB
A: 00:00:06 / 00:00:10 (64%) Cache: 3.5s/210KB
A: 00:00:06 / 00:00:10 (64%) Cache: 3.5s/207KB
A: 00:00:06 / 00:00:10 (65%) Cache: 3.4s/204KB
A: 00:00:06 / 00:00:10 (66%) Cache: 3.3s/200KB
A: 00:00:06 / 00:00:10 (66%) Cache: 3.3s/196KB
A: 00:00:06 / 00:00:10 (67%) Cache: 3.2s/193KB
A: 00:00:06 / 00:00:10 (67%) Cache: 3.2s/190KB
A: 00:00:07 / 00:00:10 (68%) Cache: 3.1s/185KB
A: 00:00:07 / 00:00:11 (64%) Cache: 3.8s/228KB
A: 00:00:07 / 00:00:11 (63%) Cache: 4.0s/239KB
A: 00:00:07 / 00:00:11 (63%) Cache: 4.0s/237KB
A: 00:00:07 / 00:00:11 (64%) Cache: 3.9s/232KB
A: 00:00:07 / 00:00:11 (64%) Cache: 3.8s/229KB
A: 00:00:07 / 00:00:11 (65%) Cache: 3.8s/225KB
A: 00:00:07 / 00:00:11 (65%) Cache: 3.7s/223KB
A: 00:00:07 / 00:00:11 (66%) Cache: 3.7s/218KB
A: 00:00:07 / 00:00:11 (66%) Cache: 3.6s/215KB
A: 00:00:07 / 00:00:11 (67%) Cache: 3.5s/210KB
A: 00:00:07 / 00:00:11 (67%) Cache: 3.5s/209KB
A: 00:00:07 / 00:00:11 (68%) Cache: 3.4s/204KB
A: 00:00:07 / 00:00:11 (68%) Cache: 3.4s/201KB
A: 00:00:07 / 00:00:11 (69%) Cache: 3.3s/196KB
A: 00:00:07 / 00:00:11 (69%) Cache: 3.3s/195KB
A: 00:00:07 / 00:00:11 (70%) Cache: 3.2s/190KB
A: 00:00:08 / 00:00:11 (71%) Cache: 3.2s/192KB
A: 00:00:08 / 00:00:12 (65%) Cache: 4.1s/243KB
A: 00:00:08 / 00:00:12 (66%) Cache: 4.0s/242KB
A: 00:00:08 / 00:00:12 (66%) Cache: 4.0s/237KB
A: 00:00:08 / 00:00:12 (67%) Cache: 3.9s/234KB
A: 00:00:08 / 00:00:12 (67%) Cache: 3.8s/229KB
A: 00:00:08 / 00:00:12 (68%) Cache: 3.8s/225KB
A: 00:00:08 / 00:00:12 (68%) Cache: 3.7s/221KB
A: 00:00:08 / 00:00:12 (69%) Cache: 3.6s/217KB
A: 00:00:08 / 00:00:12 (69%) Cache: 3.6s/214KB
A: 00:00:08 / 00:00:12 (70%) Cache: 3.5s/210KB
A: 00:00:08 / 00:00:12 (70%) Cache: 3.5s/207KB
A: 00:00:08 / 00:00:12 (71%) Cache: 3.4s/203KB
A: 00:00:08 / 00:00:12 (71%) Cache: 3.3s/200KB
A: 00:00:08 / 00:00:12 (72%) Cache: 3.3s/195KB
A: 00:00:08 / 00:00:12 (72%) Cache: 3.2s/193KB
A: 00:00:09 / 00:00:12 (73%) Cache: 3.2s/189KB
A: 00:00:09 / 00:00:12 (73%) Cache: 3.1s/185KB
A: 00:00:09 / 00:00:12 (74%) Cache: 3.0s/181KB
A: 00:00:09 / 00:00:12 (74%) Cache: 3.0s/179KB
A: 00:00:09 / 00:00:12 (75%) Cache: 2.9s/175KB
A: 00:00:09 / 00:00:12 (75%) Cache: 2.9s/171KB
A: 00:00:09 / 00:00:12 (75%) Cache: 2.8s/167KB
A: 00:00:09 / 00:00:12 (76%) Cache: 2.8s/165KB
A: 00:00:09 / 00:00:12 (76%) Cache: 2.7s/160KB
A: 00:00:09 / 00:00:12 (77%) Cache: 2.6s/157KB
A: 00:00:09 / 00:00:12 (77%) Cache: 2.6s/153KB
A: 00:00:09 / 00:00:12 (78%) Cache: 2.5s/151KB
A: 00:00:09 / 00:00:12 (78%) Cache: 2.5s/146KB
A: 00:00:09 / 00:00:12 (79%) Cache: 2.4s/143KB
A: 00:00:09 / 00:00:12 (79%) Cache: 2.3s/139KB
A: 00:00:09 / 00:00:12 (80%) Cache: 2.3s/135KB
A: 00:00:09 / 00:00:12 (81%) Cache: 2.2s/131KB
A: 00:00:10 / 00:00:12 (81%) Cache: 2.1s/126KB
A: 00:00:10 / 00:00:12 (81%) Cache: 2.1s/123KB
A: 00:00:10 / 00:00:12 (82%) Cache: 2.0s/120KB
A: 00:00:10 / 00:00:12 (80%) Cache: 2.3s/139KB
A: 00:00:10 / 00:00:12 (80%) Cache: 2.3s/135KB
A: 00:00:10 / 00:00:13 (77%) Cache: 3.0s/176KB
A: 00:00:10 / 00:00:13 (77%) Cache: 2.9s/171KB
A: 00:00:10 / 00:00:14 (72%) Cache: 3.8s/226KB
A: 00:00:10 / 00:00:14 (73%) Cache: 3.7s/221KB
A: 00:00:10 / 00:00:14 (73%) Cache: 3.7s/218KB
A: 00:00:10 / 00:00:14 (74%) Cache: 3.6s/214KB
A: 00:00:10 / 00:00:14 (74%) Cache: 3.6s/212KB
A: 00:00:10 / 00:00:14 (74%) Cache: 3.5s/207KB
A: 00:00:10 / 00:00:14 (75%) Cache: 3.4s/204KB
A: 00:00:10 / 00:00:14 (75%) Cache: 3.3s/200KB
A: 00:00:10 / 00:00:14 (76%) Cache: 3.3s/198KB
A: 00:00:10 / 00:00:14 (76%) Cache: 3.2s/193KB
A: 00:00:11 / 00:00:14 (76%) Cache: 3.2s/190KB
A: 00:00:11 / 00:00:14 (77%) Cache: 3.1s/185KB
A: 00:00:11 / 00:00:14 (77%) Cache: 3.1s/184KB
A: 00:00:11 / 00:00:14 (78%) Cache: 3.0s/179KB
A: 00:00:11 / 00:00:14 (78%) Cache: 3.0s/176KB
A: 00:00:11 / 00:00:14 (78%) Cache: 2.9s/171KB
A: 00:00:11 / 00:00:14 (79%) Cache: 2.8s/170KB
A: 00:00:11 / 00:00:14 (79%) Cache: 2.8s/165KB
A: 00:00:11 / 00:00:14 (80%) Cache: 2.7s/162KB
A: 00:00:11 / 00:00:14 (80%) Cache: 2.6s/157KB
A: 00:00:11 / 00:00:14 (81%) Cache: 2.6s/154KB
A: 00:00:11 / 00:00:14 (81%) Cache: 2.5s/150KB
A: 00:00:11 / 00:00:14 (82%) Cache: 2.4s/145KB
A: 00:00:11 / 00:00:14 (82%) Cache: 2.4s/142KB
A: 00:00:11 / 00:00:14 (82%) Cache: 2.3s/139KB
A: 00:00:11 / 00:00:14 (83%) Cache: 2.3s/135KB
A: 00:00:12 / 00:00:14 (83%) Cache: 2.2s/131KB
A: 00:00:12 / 00:00:14 (84%) Cache: 2.1s/128KB
A: 00:00:12 / 00:00:14 (84%) Cache: 2.1s/123KB
A: 00:00:12 / 00:00:14 (85%) Cache: 2.0s/118KB
A: 00:00:12 / 00:00:14 (84%) Cache: 2.2s/131KB
A: 00:00:12 / 00:00:14 (83%) Cache: 2.2s/132KB
A: 00:00:12 / 00:00:14 (84%) Cache: 2.2s/131KB
A: 00:00:12 / 00:00:15 (80%) Cache: 2.8s/168KB
A: 00:00:12 / 00:00:15 (81%) Cache: 2.8s/165KB
A: 00:00:12 / 00:00:16 (76%) Cache: 3.7s/218KB
A: 00:00:12 / 00:00:16 (77%) Cache: 3.6s/217KB
A: 00:00:12 / 00:00:16 (77%) Cache: 3.6s/212KB
A: 00:00:12 / 00:00:16 (77%) Cache: 3.5s/209KB
A: 00:00:12 / 00:00:16 (78%) Cache: 3.4s/204KB
A: 00:00:12 / 00:00:16 (78%) Cache: 3.4s/201KB
A: 00:00:12 / 00:00:16 (79%) Cache: 3.3s/196KB
A: 00:00:13 / 00:00:16 (79%) Cache: 3.2s/193KB
A: 00:00:13 / 00:00:16 (79%) Cache: 3.2s/189KB
A: 00:00:13 / 00:00:16 (80%) Cache: 3.1s/187KB
A: 00:00:13 / 00:00:16 (80%) Cache: 3.1s/182KB
A: 00:00:13 / 00:00:16 (81%) Cache: 3.0s/178KB
A: 00:00:13 / 00:00:16 (81%) Cache: 2.9s/175KB
A: 00:00:13 / 00:00:16 (81%) Cache: 2.9s/171KB
A: 00:00:13 / 00:00:16 (82%) Cache: 2.8s/168KB
A: 00:00:13 / 00:00:16 (82%) Cache: 2.7s/164KB
A: 00:00:13 / 00:00:16 (82%) Cache: 2.7s/160KB
A: 00:00:13 / 00:00:16 (83%) Cache: 2.6s/156KB
A: 00:00:13 / 00:00:16 (83%) Cache: 2.6s/154KB
A: 00:00:13 / 00:00:16 (83%) Cache: 2.5s/150KB
A: 00:00:13 / 00:00:16 (84%) Cache: 2.5s/146KB
A: 00:00:13 / 00:00:16 (84%) Cache: 2.4s/142KB
A: 00:00:13 / 00:00:16 (84%) Cache: 2.4s/140KB
A: 00:00:14 / 00:00:16 (85%) Cache: 2.3s/135KB
A: 00:00:14 / 00:00:16 (85%) Cache: 2.2s/132KB
A: 00:00:14 / 00:00:17 (83%) Cache: 2.7s/162KB
A: 00:00:14 / 00:00:17 (83%) Cache: 2.7s/160KB
A: 00:00:14 / 00:00:17 (81%) Cache: 3.1s/182KB
A: 00:00:14 / 00:00:18 (78%) Cache: 3.7s/221KB
A: 00:00:14 / 00:00:18 (79%) Cache: 3.7s/218KB
A: 00:00:14 / 00:00:18 (78%) Cache: 3.9s/235KB
A: 00:00:14 / 00:00:18 (78%) Cache: 3.9s/232KB
A: 00:00:14 / 00:00:18 (78%) Cache: 3.8s/229KB
A: 00:00:14 / 00:00:18 (79%) Cache: 3.8s/225KB
A: 00:00:14 / 00:00:18 (79%) Cache: 3.7s/221KB
A: 00:00:14 / 00:00:18 (79%) Cache: 3.7s/218KB
A: 00:00:14 / 00:00:18 (79%) Cache: 3.6s/215KB
A: 00:00:14 / 00:00:18 (80%) Cache: 3.5s/210KB
A: 00:00:14 / 00:00:18 (80%) Cache: 3.5s/207KB
A: 00:00:14 / 00:00:18 (80%) Cache: 3.4s/204KB
A: 00:00:14 / 00:00:18 (81%) Cache: 3.4s/201KB
A: 00:00:15 / 00:00:18 (81%) Cache: 3.3s/196KB
A: 00:00:15 / 00:00:18 (81%) Cache: 3.2s/193KB
A: 00:00:15 / 00:00:18 (82%) Cache: 3.2s/190KB
A: 00:00:15 / 00:00:18 (82%) Cache: 3.1s/187KB
A: 00:00:15 / 00:00:18 (82%) Cache: 3.1s/182KB
A: 00:00:15 / 00:00:18 (83%) Cache: 3.0s/179KB
A: 00:00:15 / 00:00:18 (83%) Cache: 2.9s/175KB
A: 00:00:15 / 00:00:18 (83%) Cache: 2.9s/173KB
A: 00:00:15 / 00:00:18 (84%) Cache: 2.8s/168KB
A: 00:00:15 / 00:00:18 (84%) Cache: 2.8s/165KB
A: 00:00:15 / 00:00:18 (84%) Cache: 2.7s/160KB
A: 00:00:15 / 00:00:18 (84%) Cache: 2.7s/159KB
A: 00:00:15 / 00:00:18 (85%) Cache: 2.6s/154KB
A: 00:00:15 / 00:00:18 (85%) Cache: 2.5s/151KB
A: 00:00:15 / 00:00:18 (85%) Cache: 2.5s/146KB
A: 00:00:15 / 00:00:18 (86%) Cache: 2.4s/145KB
A: 00:00:15 / 00:00:18 (86%) Cache: 2.4s/140KB
A: 00:00:16 / 00:00:18 (86%) Cache: 2.3s/137KB
A: 00:00:16 / 00:00:18 (87%) Cache: 2.2s/132KB
A: 00:00:16 / 00:00:18 (87%) Cache: 2.2s/131KB
A: 00:00:16 / 00:00:18 (87%) Cache: 2.1s/126KB
A: 00:00:16 / 00:00:18 (87%) Cache: 2.2s/132KB
A: 00:00:16 / 00:00:18 (86%) Cache: 2.4s/140KB
A: 00:00:16 / 00:00:18 (87%) Cache: 2.3s/139KB
A: 00:00:16 / 00:00:19 (84%) Cache: 3.0s/176KB
A: 00:00:16 / 00:00:19 (84%) Cache: 2.9s/175KB
A: 00:00:16 / 00:00:20 (82%) Cache: 3.4s/206KB
A: 00:00:16 / 00:00:20 (81%) Cache: 3.7s/223KB
A: 00:00:16 / 00:00:20 (81%) Cache: 3.7s/220KB
A: 00:00:16 / 00:00:20 (81%) Cache: 3.6s/217KB
A: 00:00:16 / 00:00:20 (82%) Cache: 3.6s/212KB
A: 00:00:16 / 00:00:20 (82%) Cache: 3.5s/209KB
A: 00:00:16 / 00:00:20 (82%) Cache: 3.4s/206KB
A: 00:00:16 / 00:00:20 (82%) Cache: 3.4s/203KB
A: 00:00:17 / 00:00:20 (83%) Cache: 3.3s/198KB
A: 00:00:17 / 00:00:20 (83%) Cache: 3.3s/196KB
A: 00:00:17 / 00:00:20 (83%) Cache: 3.2s/193KB
A: 00:00:17 / 00:00:20 (83%) Cache: 3.2s/190KB
A: 00:00:17 / 00:00:20 (84%) Cache: 3.1s/185KB
A: 00:00:17 / 00:00:20 (84%) Cache: 3.1s/182KB
A: 00:00:17 / 00:00:20 (84%) Cache: 3.0s/178KB
A: 00:00:17 / 00:00:20 (85%) Cache: 3.0s/176KB
A: 00:00:17 / 00:00:20 (85%) Cache: 2.9s/171KB
A: 00:00:17 / 00:00:20 (85%) Cache: 2.8s/168KB
A: 00:00:17 / 00:00:20 (85%) Cache: 2.7s/164KB
A: 00:00:17 / 00:00:20 (86%) Cache: 2.7s/162KB
A: 00:00:17 / 00:00:20 (86%) Cache: 2.6s/157KB
A: 00:00:17 / 00:00:20 (86%) Cache: 2.6s/154KB
A: 00:00:17 / 00:00:20 (87%) Cache: 2.5s/150KB
A: 00:00:17 / 00:00:20 (87%) Cache: 2.5s/148KB
A: 00:00:17 / 00:00:20 (87%) Cache: 2.4s/143KB
A: 00:00:18 / 00:00:20 (88%) Cache: 2.4s/140KB
A: 00:00:18 / 00:00:21 (85%) Cache: 2.8s/170KB
A: 00:00:18 / 00:00:21 (86%) Cache: 2.8s/168KB
A: 00:00:18 / 00:00:21 (84%) Cache: 3.2s/189KB
A: 00:00:18 / 00:00:21 (84%) Cache: 3.1s/187KB
A: 00:00:18 / 00:00:21 (85%) Cache: 3.1s/184KB
A: 00:00:18 / 00:00:21 (85%) Cache: 3.0s/181KB
A: 00:00:18 / 00:00:21 (85%) Cache: 3.0s/178KB
A: 00:00:18 / 00:00:21 (85%) Cache: 2.9s/175KB
A: 00:00:18 / 00:00:21 (86%) Cache: 2.8s/170KB
A: 00:00:18 / 00:00:21 (86%) Cache: 2.8s/167KB
A: 00:00:18 / 00:00:21 (86%) Cache: 2.7s/164KB
A: 00:00:18 / 00:00:21 (87%) Cache: 2.7s/160KB
A: 00:00:18 / 00:00:21 (87%) Cache: 2.6s/156KB
A: 00:00:18 / 00:00:21 (87%) Cache: 2.6s/153KB
A: 00:00:18 / 00:00:21 (87%) Cache: 2.5s/148KB
A: 00:00:18 / 00:00:21 (88%) Cache: 2.5s/146KB
A: 00:00:19 / 00:00:21 (87%) Cache: 2.6s/154KB
A: 00:00:19 / 00:00:21 (87%) Cache: 2.7s/162KB
A: 00:00:19 / 00:00:22 (84%) Cache: 3.3s/196KB
A: 00:00:19 / 00:00:22 (85%) Cache: 3.2s/193KB
A: 00:00:19 / 00:00:22 (85%) Cache: 3.2s/189KB
A: 00:00:19 / 00:00:22 (85%) Cache: 3.1s/185KB
A: 00:00:19 / 00:00:22 (86%) Cache: 3.0s/181KB
A: 00:00:19 / 00:00:22 (86%) Cache: 3.0s/179KB
A: 00:00:19 / 00:00:22 (86%) Cache: 2.9s/175KB
A: 00:00:19 / 00:00:22 (86%) Cache: 2.9s/171KB
A: 00:00:19 / 00:00:22 (87%) Cache: 2.8s/167KB
A: 00:00:19 / 00:00:22 (87%) Cache: 2.8s/165KB
A: 00:00:19 / 00:00:22 (87%) Cache: 2.7s/160KB
A: 00:00:19 / 00:00:22 (87%) Cache: 2.6s/157KB
A: 00:00:19 / 00:00:22 (88%) Cache: 2.6s/153KB
A: 00:00:19 / 00:00:22 (88%) Cache: 2.5s/150KB
A: 00:00:20 / 00:00:22 (88%) Cache: 2.4s/145KB
A: 00:00:20 / 00:00:23 (87%) Cache: 2.8s/168KB
A: 00:00:20 / 00:00:23 (85%) Cache: 3.3s/200KB
A: 00:00:20 / 00:00:23 (85%) Cache: 3.3s/195KB
A: 00:00:20 / 00:00:23 (85%) Cache: 3.2s/192KB
A: 00:00:20 / 00:00:23 (86%) Cache: 3.1s/187KB
A: 00:00:20 / 00:00:23 (86%) Cache: 3.1s/184KB
A: 00:00:20 / 00:00:23 (86%) Cache: 3.0s/181KB
A: 00:00:20 / 00:00:23 (86%) Cache: 3.0s/178KB
A: 00:00:20 / 00:00:23 (87%) Cache: 2.9s/173KB
A: 00:00:20 / 00:00:23 (87%) Cache: 2.9s/171KB
A: 00:00:20 / 00:00:23 (87%) Cache: 2.8s/168KB
A: 00:00:20 / 00:00:23 (87%) Cache: 2.8s/165KB
A: 00:00:20 / 00:00:23 (88%) Cache: 2.7s/160KB
A: 00:00:20 / 00:00:23 (88%) Cache: 2.6s/157KB
A: 00:00:20 / 00:00:23 (88%) Cache: 2.6s/153KB
A: 00:00:20 / 00:00:23 (88%) Cache: 2.5s/151KB
A: 00:00:21 / 00:00:23 (89%) Cache: 2.5s/146KB
A: 00:00:21 / 00:00:24 (87%) Cache: 2.8s/168KB
A: 00:00:21 / 00:00:24 (86%) Cache: 3.3s/198KB
A: 00:00:21 / 00:00:24 (86%) Cache: 3.3s/195KB
A: 00:00:21 / 00:00:24 (86%) Cache: 3.2s/192KB
A: 00:00:21 / 00:00:24 (86%) Cache: 3.1s/187KB
A: 00:00:21 / 00:00:24 (87%) Cache: 3.1s/184KB
A: 00:00:21 / 00:00:24 (87%) Cache: 3.0s/181KB
A: 00:00:21 / 00:00:24 (87%) Cache: 3.0s/178KB
A: 00:00:21 / 00:00:24 (87%) Cache: 2.9s/173KB
A: 00:00:21 / 00:00:24 (88%) Cache: 2.8s/170KB
A: 00:00:21 / 00:00:24 (88%) Cache: 2.8s/167KB
A: 00:00:21 / 00:00:24 (88%) Cache: 2.7s/164KB
A: 00:00:21 / 00:00:24 (88%) Cache: 2.7s/159KB
A: 00:00:21 / 00:00:24 (88%) Cache: 2.6s/156KB
A: 00:00:21 / 00:00:24 (89%) Cache: 2.6s/153KB
A: 00:00:21 / 00:00:24 (89%) Cache: 2.5s/150KB
A: 00:00:22 / 00:00:25 (88%) Cache: 2.9s/171KB
A: 00:00:22 / 00:00:25 (86%) Cache: 3.4s/201KB
A: 00:00:22 / 00:00:25 (86%) Cache: 3.3s/198KB
A: 00:00:22 / 00:00:25 (86%) Cache: 3.3s/195KB
A: 00:00:22 / 00:00:25 (87%) Cache: 3.2s/190KB
A: 00:00:22 / 00:00:25 (87%) Cache: 3.1s/187KB
A: 00:00:22 / 00:00:25 (87%) Cache: 3.1s/182KB
A: 00:00:22 / 00:00:25 (87%) Cache: 3.0s/181KB
A: 00:00:22 / 00:00:25 (88%) Cache: 3.0s/176KB
A: 00:00:22 / 00:00:25 (88%) Cache: 2.9s/173KB
A: 00:00:22 / 00:00:25 (88%) Cache: 2.8s/170KB
A: 00:00:22 / 00:00:25 (88%) Cache: 2.8s/168KB
A: 00:00:22 / 00:00:25 (88%) Cache: 2.7s/164KB
A: 00:00:22 / 00:00:25 (89%) Cache: 2.7s/160KB
A: 00:00:22 / 00:00:25 (89%) Cache: 2.6s/156KB
A: 00:00:22 / 00:00:25 (89%) Cache: 2.6s/154KB
A: 00:00:22 / 00:00:25 (89%) Cache: 2.5s/150KB
A: 00:00:23 / 00:00:25 (90%) Cache: 2.5s/146KB
A: 00:00:23 / 00:00:25 (90%) Cache: 2.4s/142KB
A: 00:00:23 / 00:00:25 (90%) Cache: 2.4s/140KB
A: 00:00:23 / 00:00:25 (90%) Cache: 2.5s/146KB
A: 00:00:23 / 00:00:26 (87%) Cache: 3.2s/193KB
A: 00:00:23 / 00:00:26 (87%) Cache: 3.2s/190KB
A: 00:00:23 / 00:00:26 (87%) Cache: 3.1s/187KB
A: 00:00:23 / 00:00:26 (88%) Cache: 3.1s/184KB
A: 00:00:23 / 00:00:26 (88%) Cache: 3.0s/181KB
A: 00:00:23 / 00:00:26 (88%) Cache: 3.0s/176KB
A: 00:00:23 / 00:00:26 (88%) Cache: 2.9s/173KB
A: 00:00:23 / 00:00:26 (88%) Cache: 2.8s/170KB
A: 00:00:23 / 00:00:26 (89%) Cache: 2.8s/167KB
A: 00:00:23 / 00:00:26 (89%) Cache: 2.7s/162KB
A: 00:00:23 / 00:00:26 (89%) Cache: 2.7s/159KB
A: 00:00:23 / 00:00:26 (90%) Cache: 2.6s/154KB
A: 00:00:24 / 00:00:26 (90%) Cache: 2.5s/150KB
A: 00:00:24 / 00:00:26 (90%) Cache: 2.5s/146KB
A: 00:00:24 / 00:00:26 (90%) Cache: 2.4s/142KB
A: 00:00:24 / 00:00:26 (90%) Cache: 2.4s/140KB
A: 00:00:24 / 00:00:27 (87%) Cache: 3.3s/196KB
A: 00:00:24 / 00:00:27 (88%) Cache: 3.2s/193KB
File tags:
A: 00:00:24 / 00:00:27 (88%) Cache: 3.2s/193KB
 icy-title: Fa11out - Necronaks
A: 00:00:24 / 00:00:27 (88%) Cache: 3.2s/193KB
A: 00:00:24 / 00:00:27 (88%) Cache: 3.2s/189KB
A: 00:00:24 / 00:00:27 (88%) Cache: 3.1s/187KB
A: 00:00:24 / 00:00:27 (88%) Cache: 3.1s/182KB
A: 00:00:24 / 00:00:27 (88%) Cache: 3.0s/179KB
A: 00:00:24 / 00:00:27 (89%) Cache: 2.9s/175KB
A: 00:00:24 / 00:00:27 (89%) Cache: 2.9s/171KB
A: 00:00:24 / 00:00:27 (89%) Cache: 2.8s/167KB
A: 00:00:24 / 00:00:27 (89%) Cache: 2.7s/162KB
A: 00:00:24 / 00:00:27 (90%) Cache: 2.7s/159KB
A: 00:00:24 / 00:00:27 (90%) Cache: 2.6s/156KB
A: 00:00:24 / 00:00:27 (90%) Cache: 2.6s/153KB
A: 00:00:25 / 00:00:27 (90%) Cache: 2.5s/148KB
A: 00:00:25 / 00:00:27 (90%) Cache: 2.4s/145KB
A: 00:00:25 / 00:00:27 (90%) Cache: 2.5s/151KB
A: 00:00:25 / 00:00:28 (88%) Cache: 3.3s/200KB
A: 00:00:25 / 00:00:28 (88%) Cache: 3.3s/196KB
A: 00:00:25 / 00:00:28 (88%) Cache: 3.2s/192KB
A: 00:00:25 / 00:00:28 (88%) Cache: 3.1s/187KB
A: 00:00:25 / 00:00:28 (88%) Cache: 3.1s/185KB
A: 00:00:25 / 00:00:28 (89%) Cache: 3.0s/181KB
A: 00:00:25 / 00:00:28 (89%) Cache: 3.0s/178KB
A: 00:00:25 / 00:00:28 (89%) Cache: 2.9s/173KB
A: 00:00:25 / 00:00:28 (89%) Cache: 2.9s/171KB
A: 00:00:25 / 00:00:28 (89%) Cache: 2.8s/167KB
A: 00:00:25 / 00:00:28 (90%) Cache: 2.7s/164KB
A: 00:00:25 / 00:00:28 (90%) Cache: 2.7s/159KB
A: 00:00:25 / 00:00:28 (90%) Cache: 2.6s/157KB
A: 00:00:25 / 00:00:28 (90%) Cache: 2.6s/153KB
A: 00:00:26 / 00:00:28 (91%) Cache: 2.5s/150KB
A: 00:00:26 / 00:00:28 (91%) Cache: 2.4s/145KB
A: 00:00:26 / 00:00:29 (88%) Cache: 3.4s/204KB
A: 00:00:26 / 00:00:29 (88%) Cache: 3.3s/200KB
A: 00:00:26 / 00:00:29 (88%) Cache: 3.3s/196KB
A: 00:00:26 / 00:00:29 (88%) Cache: 3.2s/192KB
A: 00:00:26 / 00:00:29 (89%) Cache: 3.2s/189KB
A: 00:00:26 / 00:00:29 (89%) Cache: 3.1s/185KB
A: 00:00:26 / 00:00:29 (89%) Cache: 3.1s/182KB
A: 00:00:26 / 00:00:29 (89%) Cache: 3.0s/178KB
A: 00:00:26 / 00:00:29 (89%) Cache: 3.0s/176KB
A: 00:00:26 / 00:00:29 (89%) Cache: 2.9s/173KB
A: 00:00:26 / 00:00:29 (90%) Cache: 2.8s/170KB
A: 00:00:26 / 00:00:29 (90%) Cache: 2.8s/165KB
A: 00:00:26 / 00:00:29 (90%) Cache: 2.7s/162KB
A: 00:00:26 / 00:00:29 (90%) Cache: 2.7s/159KB
A: 00:00:26 / 00:00:29 (90%) Cache: 2.6s/156KB
A: 00:00:27 / 00:00:29 (91%) Cache: 2.5s/151KB
A: 00:00:27 / 00:00:30 (89%) Cache: 3.0s/179KB
A: 00:00:27 / 00:00:30 (88%) Cache: 3.4s/204KB
A: 00:00:27 / 00:00:30 (88%) Cache: 3.4s/201KB
A: 00:00:27 / 00:00:30 (89%) Cache: 3.3s/196KB
A: 00:00:27 / 00:00:30 (89%) Cache: 3.2s/192KB
A: 00:00:27 / 00:00:30 (89%) Cache: 3.2s/189KB
A: 00:00:27 / 00:00:30 (89%) Cache: 3.1s/184KB
A: 00:00:27 / 00:00:30 (89%) Cache: 3.0s/181KB
A: 00:00:27 / 00:00:30 (90%) Cache: 3.0s/176KB
A: 00:00:27 / 00:00:30 (90%) Cache: 2.9s/171KB
A: 00:00:27 / 00:00:30 (90%) Cache: 2.8s/168KB
A: 00:00:27 / 00:00:30 (90%) Cache: 2.7s/164KB
A: 00:00:27 / 00:00:30 (90%) Cache: 2.7s/160KB
A: 00:00:27 / 00:00:30 (91%) Cache: 2.6s/157KB
A: 00:00:28 / 00:00:30 (91%) Cache: 2.6s/154KB
A: 00:00:28 / 00:00:31 (88%) Cache: 3.5s/210KB
A: 00:00:28 / 00:00:31 (88%) Cache: 3.5s/209KB
A: 00:00:28 / 00:00:31 (89%) Cache: 3.4s/204KB
A: 00:00:28 / 00:00:31 (89%) Cache: 3.4s/201KB
A: 00:00:28 / 00:00:31 (89%) Cache: 3.3s/196KB
A: 00:00:28 / 00:00:31 (89%) Cache: 3.2s/193KB
A: 00:00:28 / 00:00:31 (89%) Cache: 3.2s/190KB
A: 00:00:28 / 00:00:31 (89%) Cache: 3.1s/187KB
A: 00:00:28 / 00:00:31 (90%) Cache: 3.1s/182KB
A: 00:00:28 / 00:00:31 (90%) Cache: 3.0s/178KB
A: 00:00:28 / 00:00:31 (90%) Cache: 2.9s/175KB
A: 00:00:28 / 00:00:31 (90%) Cache: 2.8s/170KB
A: 00:00:28 / 00:00:31 (91%) Cache: 2.8s/167KB
A: 00:00:28 / 00:00:31 (91%) Cache: 2.7s/162KB
A: 00:00:28 / 00:00:31 (91%) Cache: 2.7s/160KB
A: 00:00:29 / 00:00:31 (91%) Cache: 2.6s/156KB
A: 00:00:29 / 00:00:31 (91%) Cache: 2.6s/153KB
A: 00:00:29 / 00:00:31 (91%) Cache: 2.5s/148KB
A: 00:00:29 / 00:00:31 (92%) Cache: 2.5s/146KB
A: 00:00:29 / 00:00:32 (90%) Cache: 2.8s/170KB
A: 00:00:29 / 00:00:32 (91%) Cache: 2.8s/168KB
A: 00:00:29 / 00:00:32 (91%) Cache: 2.8s/165KB
A: 00:00:29 / 00:00:32 (89%) Cache: 3.2s/193KB
A: 00:00:29 / 00:00:32 (90%) Cache: 3.2s/190KB
A: 00:00:29 / 00:00:32 (90%) Cache: 3.1s/187KB
A: 00:00:29 / 00:00:32 (90%) Cache: 3.1s/182KB
A: 00:00:29 / 00:00:32 (90%) Cache: 3.0s/179KB
A: 00:00:29 / 00:00:32 (90%) Cache: 3.0s/176KB
A: 00:00:29 / 00:00:32 (91%) Cache: 2.9s/173KB
A: 00:00:29 / 00:00:32 (91%) Cache: 2.8s/168KB
A: 00:00:29 / 00:00:32 (91%) Cache: 2.8s/165KB
A: 00:00:29 / 00:00:32 (91%) Cache: 2.7s/162KB
A: 00:00:30 / 00:00:32 (91%) Cache: 2.7s/159KB
A: 00:00:30 / 00:00:32 (91%) Cache: 2.6s/154KB
A: 00:00:30 / 00:00:32 (92%) Cache: 2.5s/151KB
A: 00:00:30 / 00:00:32 (92%) Cache: 2.5s/148KB
A: 00:00:30 / 00:00:33 (90%) Cache: 3.1s/184KB
A: 00:00:30 / 00:00:33 (90%) Cache: 3.1s/185KB
A: 00:00:30 / 00:00:33 (90%) Cache: 3.1s/184KB
A: 00:00:30 / 00:00:33 (90%) Cache: 3.3s/195KB
A: 00:00:30 / 00:00:33 (90%) Cache: 3.2s/192KB
A: 00:00:30 / 00:00:33 (90%) Cache: 3.1s/187KB
A: 00:00:30 / 00:00:33 (90%) Cache: 3.1s/184KB
A: 00:00:30 / 00:00:33 (90%) Cache: 3.0s/179KB
A: 00:00:30 / 00:00:33 (91%) Cache: 3.0s/178KB
A: 00:00:30 / 00:00:33 (91%) Cache: 2.9s/173KB
A: 00:00:30 / 00:00:33 (91%) Cache: 2.8s/170KB
A: 00:00:30 / 00:00:33 (91%) Cache: 2.8s/165KB
A: 00:00:30 / 00:00:33 (91%) Cache: 2.7s/164KB
A: 00:00:31 / 00:00:33 (91%) Cache: 2.7s/159KB
A: 00:00:31 / 00:00:33 (92%) Cache: 2.6s/156KB
A: 00:00:31 / 00:00:33 (92%) Cache: 2.5s/151KB
A: 00:00:31 / 00:00:34 (89%) Cache: 3.4s/206KB
A: 00:00:31 / 00:00:34 (90%) Cache: 3.4s/204KB
A: 00:00:31 / 00:00:34 (90%) Cache: 3.3s/200KB
A: 00:00:31 / 00:00:34 (90%) Cache: 3.3s/196KB
A: 00:00:31 / 00:00:34 (90%) Cache: 3.2s/193KB
A: 00:00:31 / 00:00:34 (90%) Cache: 3.2s/190KB
A: 00:00:31 / 00:00:34 (90%) Cache: 3.1s/185KB
A: 00:00:31 / 00:00:34 (91%) Cache: 3.1s/182KB
A: 00:00:31 / 00:00:34 (91%) Cache: 3.0s/179KB
A: 00:00:31 / 00:00:34 (91%) Cache: 3.0s/176KB
A: 00:00:31 / 00:00:34 (91%) Cache: 2.9s/173KB
A: 00:00:31 / 00:00:34 (91%) Cache: 2.9s/171KB
A: 00:00:31 / 00:00:34 (91%) Cache: 2.8s/167KB
A: 00:00:31 / 00:00:34 (92%) Cache: 2.7s/164KB
A: 00:00:32 / 00:00:34 (92%) Cache: 2.7s/159KB
A: 00:00:32 / 00:00:34 (92%) Cache: 2.6s/156KB
A: 00:00:32 / 00:00:35 (92%) Cache: 2.7s/162KB
A: 00:00:32 / 00:00:35 (90%) Cache: 3.5s/209KB
A: 00:00:32 / 00:00:35 (90%) Cache: 3.4s/204KB
A: 00:00:32 / 00:00:35 (90%) Cache: 3.4s/203KB
A: 00:00:32 / 00:00:35 (90%) Cache: 3.3s/198KB
A: 00:00:32 / 00:00:35 (90%) Cache: 3.3s/196KB
A: 00:00:32 / 00:00:35 (90%) Cache: 3.2s/192KB
A: 00:00:32 / 00:00:35 (91%) Cache: 3.2s/189KB
A: 00:00:32 / 00:00:35 (91%) Cache: 3.1s/184KB
A: 00:00:32 / 00:00:35 (91%) Cache: 3.1s/182KB
A: 00:00:32 / 00:00:35 (91%) Cache: 3.0s/179KB
A: 00:00:32 / 00:00:35 (91%) Cache: 3.0s/176KB
A: 00:00:32 / 00:00:35 (91%) Cache: 2.9s/171KB
A: 00:00:32 / 00:00:35 (92%) Cache: 2.8s/168KB
A: 00:00:32 / 00:00:35 (92%) Cache: 2.8s/165KB
A: 00:00:33 / 00:00:35 (92%) Cache: 2.7s/162KB
A: 00:00:33 / 00:00:36 (91%) Cache: 3.0s/179KB
A: 00:00:33 / 00:00:36 (90%) Cache: 3.6s/215KB
A: 00:00:33 / 00:00:36 (90%) Cache: 3.6s/212KB
A: 00:00:33 / 00:00:36 (90%) Cache: 3.5s/209KB
A: 00:00:33 / 00:00:36 (90%) Cache: 3.4s/204KB
A: 00:00:33 / 00:00:36 (90%) Cache: 3.4s/201KB
A: 00:00:33 / 00:00:36 (90%) Cache: 3.3s/198KB
A: 00:00:33 / 00:00:36 (91%) Cache: 3.3s/195KB
A: 00:00:33 / 00:00:36 (91%) Cache: 3.2s/190KB
A: 00:00:33 / 00:00:36 (91%) Cache: 3.1s/187KB
A: 00:00:33 / 00:00:36 (91%) Cache: 3.1s/184KB
A: 00:00:33 / 00:00:36 (91%) Cache: 3.0s/181KB
A: 00:00:33 / 00:00:36 (91%) Cache: 3.0s/176KB
A: 00:00:33 / 00:00:36 (92%) Cache: 2.9s/173KB
A: 00:00:33 / 00:00:36 (92%) Cache: 2.8s/168KB
A: 00:00:33 / 00:00:36 (92%) Cache: 2.8s/167KB
A: 00:00:34 / 00:00:36 (92%) Cache: 2.7s/162KB
A: 00:00:34 / 00:00:37 (90%) Cache: 3.6s/215KB
A: 00:00:34 / 00:00:38 (90%) Cache: 3.6s/217KB
A: 00:00:34 / 00:00:38 (90%) Cache: 3.6s/214KB
A: 00:00:34 / 00:00:38 (90%) Cache: 3.5s/209KB
A: 00:00:34 / 00:00:38 (90%) Cache: 3.4s/206KB
A: 00:00:34 / 00:00:38 (90%) Cache: 3.4s/201KB
A: 00:00:34 / 00:00:38 (91%) Cache: 3.3s/200KB
A: 00:00:34 / 00:00:38 (91%) Cache: 3.3s/195KB
A: 00:00:34 / 00:00:38 (91%) Cache: 3.2s/192KB
A: 00:00:34 / 00:00:38 (91%) Cache: 3.1s/187KB
A: 00:00:34 / 00:00:38 (91%) Cache: 3.1s/185KB
A: 00:00:34 / 00:00:38 (91%) Cache: 3.0s/181KB
A: 00:00:34 / 00:00:38 (92%) Cache: 3.0s/178KB
A: 00:00:34 / 00:00:38 (92%) Cache: 2.9s/173KB
A: 00:00:34 / 00:00:38 (92%) Cache: 2.8s/170KB
A: 00:00:34 / 00:00:38 (92%) Cache: 2.8s/167KB
A: 00:00:35 / 00:00:38 (91%) Cache: 3.1s/182KB
A: 00:00:35 / 00:00:39 (90%) Cache: 3.7s/220KB
A: 00:00:35 / 00:00:39 (90%) Cache: 3.6s/217KB
A: 00:00:35 / 00:00:39 (90%) Cache: 3.6s/214KB
A: 00:00:35 / 00:00:39 (90%) Cache: 3.5s/209KB
A: 00:00:35 / 00:00:39 (91%) Cache: 3.4s/206KB
A: 00:00:35 / 00:00:39 (91%) Cache: 3.4s/201KB
A: 00:00:35 / 00:00:39 (91%) Cache: 3.3s/200KB
A: 00:00:35 / 00:00:39 (91%) Cache: 3.3s/195KB
A: 00:00:35 / 00:00:39 (91%) Cache: 3.2s/192KB
A: 00:00:35 / 00:00:39 (91%) Cache: 3.1s/187KB
A: 00:00:35 / 00:00:39 (91%) Cache: 3.1s/185KB
A: 00:00:35 / 00:00:39 (92%) Cache: 3.0s/181KB
A: 00:00:35 / 00:00:39 (92%) Cache: 3.0s/178KB
A: 00:00:35 / 00:00:39 (92%) Cache: 2.9s/173KB
A: 00:00:35 / 00:00:39 (92%) Cache: 2.9s/171KB
A: 00:00:36 / 00:00:39 (92%) Cache: 2.8s/167KB
A: 00:00:36 / 00:00:39 (92%) Cache: 2.8s/170KB
A: 00:00:36 / 00:00:40 (90%) Cache: 3.7s/220KB
A: 00:00:36 / 00:00:40 (90%) Cache: 3.7s/218KB
A: 00:00:36 / 00:00:40 (90%) Cache: 3.6s/214KB
A: 00:00:36 / 00:00:40 (91%) Cache: 3.5s/210KB
A: 00:00:36 / 00:00:40 (91%) Cache: 3.4s/206KB
A: 00:00:36 / 00:00:40 (91%) Cache: 3.4s/203KB
A: 00:00:36 / 00:00:40 (91%) Cache: 3.3s/200KB
A: 00:00:36 / 00:00:40 (91%) Cache: 3.3s/196KB
A: 00:00:36 / 00:00:40 (91%) Cache: 3.2s/192KB
A: 00:00:36 / 00:00:40 (91%) Cache: 3.2s/190KB
A: 00:00:36 / 00:00:40 (92%) Cache: 3.1s/187KB
A: 00:00:36 / 00:00:40 (92%) Cache: 3.1s/184KB
A: 00:00:36 / 00:00:40 (92%) Cache: 3.0s/179KB
A: 00:00:36 / 00:00:40 (92%) Cache: 3.0s/176KB
A: 00:00:36 / 00:00:40 (92%) Cache: 2.9s/173KB
A: 00:00:37 / 00:00:40 (92%) Cache: 2.8s/170KB
A: 00:00:37 / 00:00:40 (93%) Cache: 2.8s/165KB
A: 00:00:37 / 00:00:41 (90%) Cache: 3.7s/221KB
A: 00:00:37 / 00:00:41 (91%) Cache: 3.7s/218KB
A: 00:00:37 / 00:00:41 (91%) Cache: 3.6s/215KB
A: 00:00:37 / 00:00:41 (91%) Cache: 3.5s/210KB
A: 00:00:37 / 00:00:41 (91%) Cache: 3.5s/207KB
A: 00:00:37 / 00:00:41 (91%) Cache: 3.4s/203KB
A: 00:00:37 / 00:00:41 (91%) Cache: 3.4s/201KB
A: 00:00:37 / 00:00:41 (91%) Cache: 3.3s/196KB
A: 00:00:37 / 00:00:41 (92%) Cache: 3.2s/192KB
A: 00:00:37 / 00:00:41 (92%) Cache: 3.2s/190KB
A: 00:00:37 / 00:00:41 (92%) Cache: 3.1s/187KB
A: 00:00:37 / 00:00:41 (92%) Cache: 3.1s/184KB
A: 00:00:37 / 00:00:41 (92%) Cache: 3.0s/179KB
A: 00:00:37 / 00:00:41 (92%) Cache: 3.0s/176KB
A: 00:00:37 / 00:00:41 (92%) Cache: 2.9s/173KB
A: 00:00:38 / 00:00:41 (93%) Cache: 2.8s/170KB
A: 00:00:38 / 00:00:41 (91%) Cache: 3.6s/215KB
A: 00:00:38 / 00:00:42 (91%) Cache: 3.7s/223KB
A: 00:00:38 / 00:00:42 (91%) Cache: 3.7s/220KB
A: 00:00:38 / 00:00:42 (91%) Cache: 3.6s/217KB
A: 00:00:38 / 00:00:42 (91%) Cache: 3.6s/212KB
A: 00:00:38 / 00:00:42 (91%) Cache: 3.5s/209KB
A: 00:00:38 / 00:00:42 (91%) Cache: 3.4s/206KB
A: 00:00:38 / 00:00:42 (91%) Cache: 3.4s/203KB
A: 00:00:38 / 00:00:42 (92%) Cache: 3.3s/198KB
A: 00:00:38 / 00:00:42 (92%) Cache: 3.3s/195KB
A: 00:00:38 / 00:00:42 (92%) Cache: 3.2s/190KB
A: 00:00:38 / 00:00:42 (92%) Cache: 3.1s/187KB
A: 00:00:38 / 00:00:42 (92%) Cache: 3.1s/182KB